<?xml version="1.0" encoding="UTF-8" standalone="yes"?>
<PcGts xmlns="http://schema.primaresearch.org/PAGE/gts/pagecontent/2013-07-15" xmlns:xsi="http://www.w3.org/2001/XMLSchema-instance" xsi:schemaLocation="http://schema.primaresearch.org/PAGE/gts/pagecontent/2013-07-15 http://schema.primaresearch.org/PAGE/gts/pagecontent/2013-07-15/pagecontent.xsd">
    <Metadata>
        <Creator>Transkribus</Creator>
        <Created>2024-10-04T16:38:52.784+02:00</Created>
        <LastChange>2024-10-17T14:49:19.252+02:00</LastChange>
        <TranskribusMetadata docId="4508828" pageId="79709978" pageNr="65" tsid="194341876" status="IN_PROGRESS" userId="297212" imgUrl="https://files.transkribus.eu/Get?id=FHJDEXSMTEUGMSBHUZIBEMAS&amp;fileType=view" xmlUrl="https://files.transkribus.eu/Get?id=FPDMILTYJIBNKXELLOZOKYVS" imageId="65103869"/>
    </Metadata>
    <Page imageFilename="0065_NL-AsdNIOD_401_0161_0066.jpg" imageWidth="1705" imageHeight="2384">
        <ReadingOrder>
            <OrderedGroup id="ro_1729171049831" caption="Regions reading order">
                <RegionRefIndexed index="0" regionRef="r_1495"/>
                <RegionRefIndexed index="1" regionRef="r_8462"/>
                <RegionRefIndexed index="2" regionRef="r_7808"/>
                <RegionRefIndexed index="3" regionRef="r_7405"/>
                <RegionRefIndexed index="4" regionRef="r_4372"/>
                <RegionRefIndexed index="5" regionRef="r_8309"/>
                <RegionRefIndexed index="6" regionRef="r_5387"/>
                <RegionRefIndexed index="7" regionRef="r_6339"/>
                <RegionRefIndexed index="8" regionRef="r_6865"/>
                <RegionRefIndexed index="9" regionRef="r_6866"/>
            </OrderedGroup>
        </ReadingOrder>
        <TextRegion id="r_1495" custom="readingOrder {index:0;} structure {type:paragraph;}">
            <Coords points="204,412 204,579 1638,579 1638,412"/>
            <TextLine id="tr_1_tl_2" custom="readingOrder {index:0;} date {offset:15; length:13;yyyy-mm-dd:1956-05-10;} place {offset:55; length:11;wikiData:Q2303738;}">
                <Coords points="204,516 272,516 341,514 410,516 479,516 548,515 617,514 686,514 755,514 824,514 893,512 961,513 1030,513 1099,512 1168,512 1237,510 1306,510 1375,510 1444,509 1513,511 1582,512 1582,463 1513,462 1444,460 1375,461 1306,461 1237,461 1168,463 1099,463 1030,464 961,464 893,463 824,465 755,465 686,465 617,465 548,466 479,467 410,467 341,465 272,467 204,467"/>
                <Baseline points="204,500 272,500 341,498 410,500 479,500 548,499 617,498 686,498 755,498 824,498 893,496 961,497 1030,497 1099,496 1168,496 1237,494 1306,494 1375,494 1444,493 1513,495 1582,496"/>
                <TextEquiv>
                    <Unicode>hij overleden. Vrijd. 10 Mei werd hij om 12.30 uur. in Westerveld ge-</Unicode>
                </TextEquiv>
            </TextLine>
            <TextLine id="tr_1_tl_3" custom="readingOrder {index:1;}">
                <Coords points="204,584 230,582 257,582 283,582 310,582 336,582 363,583 390,586 390,537 363,534 336,533 310,533 283,533 257,533 230,533 204,535"/>
                <Baseline points="204,568 230,566 257,566 283,566 310,566 336,566 363,567 390,570"/>
                <TextEquiv>
                    <Unicode>cremeerd.
</Unicode>
                </TextEquiv>
            </TextLine>
            <TextEquiv>
                <Unicode></Unicode>
            </TextEquiv>
        </TextRegion>
        <TextRegion id="r_8462" custom="readingOrder {index:1;}">
            <Coords points="209,614 275,614 435,614 435,652 209,652"/>
            <TextLine id="l_473" custom="readingOrder {index:0;} date {offset:0; length:11;yyyy-mm-dd:1947-01-08;}">
                <Coords points="207,641 226,639 246,636 311,636 347,636 424,639 425,609 347,606 311,606 244,606 222,609 205,611"/>
                <Baseline points="207,641 226,639 246,636 311,636 347,636 424,639"/>
                <TextEquiv>
                    <Unicode>8 Jan. 1947</Unicode>
                </TextEquiv>
            </TextLine>
            <TextEquiv>
                <Unicode></Unicode>
            </TextEquiv>
        </TextRegion>
        <TextRegion id="r_7808" custom="readingOrder {index:2;} structure {type:paragraph;}">
            <Coords points="444,592 423,646 200,656 204,979 1638,979 1638,596"/>
            <TextLine id="l_417" custom="readingOrder {index:0;} place {offset:20; length:8;wikiData:Q55;} person {offset:51; length:5; continued:true;}">
                <Coords points="449,633 478,633 541,633 603,633 650,631 693,631 758,636 793,638 831,640 890,644 924,642 969,638 1023,638 1082,635 1114,629 1145,635 1171,638 1225,633 1252,633 1283,633 1320,631 1378,631 1406,629 1446,627 1480,627 1566,629 1566,599 1480,597 1445,597 1405,599 1377,601 1319,601 1282,603 1252,603 1224,603 1172,608 1149,605 1114,599 1078,605 1022,608 968,608 922,612 890,614 833,610 795,608 760,606 694,601 649,601 603,603 541,603 478,603 449,603"/>
                <Baseline points="449,633 478,633 541,633 603,633 650,631 693,631 758,636 793,638 831,640 890,644 924,642 969,638 1023,638 1082,635 1114,629 1145,635 1171,638 1225,633 1252,633 1283,633 1320,631 1378,631 1406,629 1446,627 1480,627 1566,629"/>
                <TextEquiv>
                    <Unicode>Kort na je komst in Holland ging ik met je naar de tand-</Unicode>
                </TextEquiv>
            </TextLine>
            <TextLine id="tr_1_tl_5" custom="readingOrder {index:1;} person {offset:0; length:5; continued:true;} date {offset:61; length:4;yyyy-mm-dd:1946-10;}">
                <Coords points="204,718 274,716 344,716 415,714 485,714 556,712 626,712 696,713 767,712 837,712 908,712 978,710 1048,710 1119,710 1189,710 1260,710 1330,710 1400,708 1471,708 1541,708 1612,708 1612,660 1541,660 1471,660 1400,660 1330,662 1260,662 1189,662 1119,662 1048,662 978,662 908,664 837,664 767,664 696,665 626,664 556,664 485,666 415,666 344,668 274,668 204,670"/>
                <Baseline points="204,702 274,700 344,700 415,698 485,698 556,696 626,696 696,697 767,696 837,696 908,696 978,694 1048,694 1119,694 1189,694 1260,694 1330,694 1400,692 1471,692 1541,692 1612,692"/>
                <TextEquiv>
                    <Unicode>arts en constateerde hij dat je vier nieuwe kiezen kreeg. In Oct. liet</Unicode>
                </TextEquiv>
            </TextLine>
            <TextLine id="tr_1_tl_6" custom="readingOrder {index:2;}">
                <Coords points="204,783 273,781 343,781 413,780 482,779 552,779 622,777 691,777 761,777 831,777 901,779 970,777 1040,776 1110,775 1179,773 1249,775 1319,776 1388,773 1458,772 1528,773 1598,773 1598,727 1528,727 1458,726 1388,727 1319,730 1249,729 1179,727 1110,729 1040,730 970,731 901,733 831,731 761,731 691,731 622,731 552,733 482,733 413,734 343,735 273,735 204,737"/>
                <Baseline points="204,768 273,766 343,766 413,765 482,764 552,764 622,762 691,762 761,762 831,762 901,764 970,762 1040,761 1110,760 1179,758 1249,760 1319,761 1388,758 1458,757 1528,758 1598,758"/>
                <TextEquiv>
                    <Unicode>ik je een permanent geven en droeg je een krul boven op 't hoofd, wat
</Unicode>
                </TextEquiv>
            </TextLine>
            <TextLine id="tr_1_tl_7" custom="readingOrder {index:3;}">
                <Coords points="208,849 273,848 338,847 404,847 469,845 535,845 600,844 665,843 731,843 796,841 862,841 927,841 992,841 1058,841 1123,841 1189,841 1254,839 1319,840 1385,838 1450,839 1516,839 1516,793 1450,793 1385,792 1319,794 1254,793 1189,795 1123,795 1058,795 992,795 927,795 862,795 796,795 731,797 665,797 600,798 535,799 469,799 404,801 338,801 273,802 208,803"/>
                <Baseline points="208,834 273,833 338,832 404,832 469,830 535,830 600,829 665,828 731,828 796,826 862,826 927,826 992,826 1058,826 1123,826 1189,826 1254,824 1319,825 1385,823 1450,824 1516,824"/>
                <TextEquiv>
                    <Unicode>erg aardig stond. Niet lang daarna bv vielen je 2 boven - vòor en
</Unicode>
                </TextEquiv>
            </TextLine>
            <TextLine id="tr_1_tl_8" custom="readingOrder {index:4;}">
                <Coords points="212,913 281,913 350,911 419,911 489,911 558,911 627,909 697,909 766,908 835,907 905,907 974,907 1043,905 1112,905 1182,905 1251,904 1320,905 1390,905 1459,903 1528,903 1598,903 1598,857 1528,857 1459,857 1390,859 1320,859 1251,858 1182,859 1112,859 1043,859 974,861 905,861 835,861 766,862 697,863 627,863 558,865 489,865 419,865 350,865 281,867 212,867"/>
                <Baseline points="212,898 281,898 350,896 419,896 489,896 558,896 627,894 697,894 766,893 835,892 905,892 974,892 1043,890 1112,890 1182,890 1251,889 1320,890 1390,890 1459,888 1528,888 1598,888"/>
                <TextEquiv>
                    <Unicode>onder tanden eruit. Gelukkig zater er boven direct 2 nieuwe tanden en
</Unicode>
                </TextEquiv>
            </TextLine>
            <TextLine id="tr_1_tl_9" custom="readingOrder {index:5;}">
                <Coords points="212,979 246,977 281,977 316,977 351,977 386,977 421,977 456,977 491,977 526,977 561,977 595,977 630,976 665,975 700,975 735,975 770,973 805,973 840,974 875,975 910,975 910,929 875,929 840,928 805,927 770,927 735,929 700,929 665,929 630,930 595,931 561,931 526,931 491,931 456,931 421,931 386,931 351,931 316,931 281,931 246,931 212,933"/>
                <Baseline points="212,964 246,962 281,962 316,962 351,962 386,962 421,962 456,962 491,962 526,962 561,962 595,962 630,961 665,960 700,960 735,960 770,958 805,958 840,959 875,960 910,960"/>
                <TextEquiv>
                    <Unicode>onder één. Ze zijn nu al half lang.
</Unicode>
                </TextEquiv>
            </TextLine>
            <TextEquiv>
                <Unicode></Unicode>
            </TextEquiv>
        </TextRegion>
        <TextRegion id="r_7405" custom="readingOrder {index:3;} structure {type:paragraph;}">
            <Coords points="540,579 510,581 1638,581 1638,579"/>
            <TextEquiv>
                <Unicode></Unicode>
            </TextEquiv>
        </TextRegion>
        <TextRegion id="r_4372" custom="readingOrder {index:4;} structure {type:paragraph;}">
            <Coords points="204,979 204,1053 1638,1053 1638,979"/>
            <TextLine id="tr_1_tl_10" custom="readingOrder {index:0;}">
                <Coords points="204,1047 230,1045 256,1045 282,1045 308,1045 334,1043 360,1045 386,1044 412,1043 438,1044 465,1044 491,1043 517,1045 543,1043 569,1043 595,1043 621,1043 647,1043 673,1043 699,1045 726,1045 726,1000 699,1000 673,998 647,998 621,998 595,998 569,998 543,998 517,1000 491,998 465,999 438,999 412,998 386,999 360,1000 334,998 308,1000 282,1000 256,1000 230,1000 204,1002"/>
                <Baseline points="204,1032 230,1030 256,1030 282,1030 308,1030 334,1028 360,1030 386,1029 412,1028 438,1029 465,1029 491,1028 517,1030 543,1028 569,1028 595,1028 621,1028 647,1028 673,1028 699,1030 726,1030"/>
                <TextEquiv>
                    <Unicode>Je bent nu 1.17 c.M. lang.
</Unicode>
                </TextEquiv>
            </TextLine>
            <TextEquiv>
                <Unicode></Unicode>
            </TextEquiv>
        </TextRegion>
        <TextRegion id="r_8309" custom="readingOrder {index:5;}">
            <Coords points="213,1075 345,1075 345,1116 213,1116"/>
            <TextEquiv>
                <Unicode></Unicode>
            </TextEquiv>
        </TextRegion>
        <TextRegion id="r_5387" custom="readingOrder {index:6;} structure {type:paragraph;}">
            <Coords points="353,1053 353,1104 195,1108 204,1516 1638,1516 1638,1053"/>
            <TextLine id="tr_1_tl_11" custom="readingOrder {index:0;} date {offset:0; length:6;yyyy-mm-dd:1947-01-08;} person {offset:23; length:9;} person {offset:34; length:4;} person {offset:56; length:9;}">
                <Coords points="208,1115 278,1111 348,1113 418,1109 488,1109 559,1109 629,1107 699,1107 769,1107 839,1105 910,1105 980,1105 1050,1104 1120,1103 1190,1103 1261,1101 1331,1101 1401,1101 1471,1101 1541,1100 1612,1097 1612,1052 1541,1055 1471,1056 1401,1056 1331,1056 1261,1056 1190,1058 1120,1058 1050,1059 980,1060 910,1060 839,1060 769,1062 699,1062 629,1062 559,1064 488,1064 418,1064 348,1068 278,1066 208,1070"/>
                <Baseline points="348,1100 212,1105 348,1098 418,1094 488,1094 559,1094 629,1092 699,1092 769,1092 839,1090 910,1090 980,1090 1050,1089 1120,1088 1190,1088 1261,1086 1331,1086 1401,1086 1471,1086 1541,1085 1612,1082"/>
                <TextEquiv>
                    <Unicode>5 Dec. 's morgens vond Oom Jaap - Oma overleden in bed. De dokter ver-</Unicode>
                </TextEquiv>
            </TextLine>
            <TextLine id="tr_1_tl_12" custom="readingOrder {index:1;} date {offset:14; length:7;} date {offset:54; length:8;} person {offset:65; length:6;}">
                <Coords points="204,1181 275,1177 347,1175 419,1175 490,1174 562,1175 634,1175 705,1175 777,1173 849,1173 921,1173 992,1171 1064,1171 1136,1170 1207,1170 1279,1169 1351,1167 1422,1167 1494,1169 1566,1167 1638,1167 1638,1122 1566,1122 1494,1124 1422,1122 1351,1122 1279,1124 1207,1125 1136,1125 1064,1126 992,1126 921,1128 849,1128 777,1128 705,1130 634,1130 562,1130 490,1129 419,1130 347,1130 275,1132 204,1136"/>
                <Baseline points="204,1166 275,1162 347,1160 419,1160 490,1159 562,1160 634,1160 705,1160 777,1158 849,1158 921,1158 992,1156 1064,1156 1136,1155 1207,1155 1279,1154 1351,1152 1422,1152 1494,1154 1566,1152 1638,1152"/>
                <TextEquiv>
                    <Unicode>moedt, dat ze + 4 uur is gestorven. Gelukkig waren we 24 Nov. op Papa's</Unicode>
                </TextEquiv>
            </TextLine>
            <TextLine id="tr_1_tl_13" custom="readingOrder {index:2;} person {offset:37; length:4;}">
                <Coords points="204,1248 274,1246 345,1245 415,1244 486,1244 557,1243 627,1244 698,1242 768,1241 839,1240 910,1240 980,1240 1051,1240 1121,1239 1192,1238 1263,1236 1333,1236 1404,1236 1474,1236 1545,1236 1616,1238 1616,1190 1545,1188 1474,1188 1404,1188 1333,1188 1263,1188 1192,1190 1121,1191 1051,1192 980,1192 910,1192 839,1192 768,1193 698,1194 627,1196 557,1195 486,1196 415,1196 345,1197 274,1198 204,1200"/>
                <Baseline points="204,1232 274,1230 345,1229 415,1228 486,1228 557,1227 627,1228 698,1226 768,1225 839,1224 910,1224 980,1224 1051,1224 1121,1223 1192,1222 1263,1220 1333,1220 1404,1220 1474,1220 1545,1220 1616,1222"/>
                <TextEquiv>
                    <Unicode>sterfdag er nog samen geweest en gaf Oma je een bloed kralen armbandje</Unicode>
                </TextEquiv>
            </TextLine>
            <TextLine id="tr_1_tl_14" custom="readingOrder {index:3;} date {offset:55; length:5;yyyy-mm-dd:1947-12;}">
                <Coords points="210,1316 279,1314 348,1314 418,1312 487,1312 557,1310 626,1310 695,1308 765,1308 834,1306 904,1306 973,1308 1042,1306 1112,1306 1181,1306 1251,1305 1320,1306 1389,1304 1459,1302 1528,1302 1598,1304 1598,1256 1528,1254 1459,1254 1389,1256 1320,1258 1251,1257 1181,1258 1112,1258 1042,1258 973,1260 904,1258 834,1258 765,1260 695,1260 626,1262 557,1262 487,1264 418,1264 348,1266 279,1266 210,1268"/>
                <Baseline points="210,1300 279,1298 348,1298 418,1296 487,1296 557,1294 626,1294 695,1292 765,1292 834,1290 904,1290 973,1292 1042,1290 1112,1290 1181,1290 1251,1289 1320,1290 1389,1288 1459,1286 1528,1286 1598,1288"/>
                <TextEquiv>
                    <Unicode>met goud slotje, wat nog van haar zelf geweest was. Op Dec. werd</Unicode>
                </TextEquiv>
            </TextLine>
            <TextLine id="tr_1_tl_15" custom="readingOrder {index:4;} place {offset:9; length:15;} place {offset:28; length:8;wikiData:Q9949;}">
                <Coords points="208,1382 275,1382 342,1380 410,1380 477,1380 545,1378 612,1376 679,1376 747,1374 814,1374 882,1374 949,1374 1016,1372 1084,1374 1151,1373 1219,1372 1286,1372 1353,1370 1421,1370 1488,1369 1556,1372 1556,1324 1488,1321 1421,1322 1353,1322 1286,1324 1219,1324 1151,1325 1084,1326 1016,1324 949,1326 882,1326 814,1326 747,1326 679,1328 612,1328 545,1330 477,1332 410,1332 342,1332 275,1334 208,1334"/>
                <Baseline points="208,1366 275,1366 342,1364 410,1364 477,1364 545,1362 612,1360 679,1360 747,1358 814,1358 882,1358 949,1358 1016,1356 1084,1358 1151,1357 1219,1356 1286,1356 1353,1354 1421,1354 1488,1353 1556,1356"/>
                <TextEquiv>
                    <Unicode>ze in de fam.graf kelder te Naarden begraven. We zagen daar de kist</Unicode>
                </TextEquiv>
            </TextLine>
            <TextLine id="tr_1_tl_16" custom="readingOrder {index:5;} person {offset:4; length:16;} date {offset:31; length:17;yyyy-mm-dd:1887;}">
                <Coords points="208,1450 275,1448 343,1447 411,1446 478,1446 546,1446 614,1444 681,1444 749,1442 817,1444 885,1442 952,1443 1020,1444 1088,1442 1155,1442 1223,1440 1291,1440 1358,1438 1426,1438 1494,1438 1562,1442 1562,1394 1494,1390 1426,1390 1358,1390 1291,1392 1223,1392 1155,1394 1088,1394 1020,1396 952,1395 885,1394 817,1396 749,1394 681,1396 614,1396 546,1398 478,1398 411,1398 343,1399 275,1400 208,1402"/>
                <Baseline points="208,1434 275,1432 343,1431 411,1430 478,1430 546,1430 614,1428 681,1428 749,1426 817,1428 885,1426 952,1427 1020,1428 1088,1426 1155,1426 1223,1424 1291,1424 1358,1422 1426,1422 1494,1422 1562,1426"/>
                <TextEquiv>
                    <Unicode>van Grootvader Fritz, die daar ± 60 jaar geleden begraven werd, nog</Unicode>
                </TextEquiv>
            </TextLine>
            <TextLine id="tr_1_tl_17" custom="readingOrder {index:6;}">
                <Coords points="212,1517 237,1515 262,1515 288,1513 313,1513 338,1513 364,1513 389,1513 414,1513 440,1513 465,1513 490,1513 516,1513 541,1513 566,1513 592,1513 592,1467 566,1467 541,1467 516,1467 490,1467 465,1467 440,1467 414,1467 389,1467 364,1467 338,1467 313,1467 288,1467 262,1469 237,1469 212,1471"/>
                <Baseline points="212,1502 237,1500 262,1500 288,1498 313,1498 338,1498 364,1498 389,1498 414,1498 440,1498 465,1498 490,1498 516,1498 541,1498 566,1498 592,1498"/>
                <TextEquiv>
                    <Unicode>ongeschonden staan.
</Unicode>
                </TextEquiv>
            </TextLine>
            <TextEquiv>
                <Unicode></Unicode>
            </TextEquiv>
        </TextRegion>
        <TextRegion id="r_6339" custom="readingOrder {index:7;} structure {type:paragraph;}">
            <Coords points="204,1516 204,1735 1638,1735 1638,1516"/>
            <TextLine id="tr_1_tl_18" custom="readingOrder {index:0;}">
                <Coords points="212,1581 279,1579 346,1579 413,1581 481,1581 548,1580 615,1579 683,1579 750,1577 817,1577 885,1576 952,1577 1019,1575 1086,1574 1154,1573 1221,1571 1288,1571 1356,1571 1423,1569 1490,1568 1558,1569 1558,1523 1490,1522 1423,1523 1356,1525 1288,1525 1221,1525 1154,1527 1086,1528 1019,1529 952,1531 885,1530 817,1531 750,1531 683,1533 615,1533 548,1534 481,1535 413,1535 346,1533 279,1533 212,1535"/>
                <Baseline points="212,1566 279,1564 346,1564 413,1566 481,1566 548,1565 615,1564 683,1564 750,1562 817,1562 885,1561 952,1562 1019,1560 1086,1559 1154,1558 1221,1556 1288,1556 1356,1556 1423,1554 1490,1553 1558,1554"/>
                <TextEquiv>
                    <Unicode>Laatst zat je bij me te praten en zei je een woord in vrij onzuiver
</Unicode>
                </TextEquiv>
            </TextLine>
            <TextLine id="tr_1_tl_19" custom="readingOrder {index:1;}">
                <Coords points="210,1650 278,1648 347,1648 415,1648 484,1647 553,1647 621,1646 690,1646 758,1646 827,1646 896,1644 964,1644 1033,1642 1101,1642 1170,1640 1239,1640 1307,1638 1376,1638 1444,1636 1513,1636 1582,1640 1582,1592 1513,1588 1444,1588 1376,1590 1307,1590 1239,1592 1170,1592 1101,1594 1033,1594 964,1596 896,1596 827,1598 758,1598 690,1598 621,1598 553,1599 484,1599 415,1600 347,1600 278,1600 210,1602"/>
                <Baseline points="210,1634 278,1632 347,1632 415,1632 484,1631 553,1631 621,1630 690,1630 758,1630 827,1630 896,1628 964,1628 1033,1626 1101,1626 1170,1624 1239,1624 1307,1622 1376,1622 1444,1620 1513,1620 1582,1624"/>
                <TextEquiv>
                    <Unicode>Nederlandsch. Ik verbeterde je, waarop je zeer verongelijkt zei: "Ik
</Unicode>
                </TextEquiv>
            </TextLine>
            <TextLine id="tr_1_tl_20" custom="readingOrder {index:2;}">
                <Coords points="212,1722 239,1718 266,1716 293,1715 321,1714 348,1714 375,1714 403,1714 430,1716 457,1714 485,1714 512,1714 539,1714 566,1714 594,1714 621,1714 648,1713 676,1712 703,1712 730,1714 758,1714 758,1666 730,1666 703,1664 676,1664 648,1665 621,1666 594,1666 566,1666 539,1666 512,1666 485,1666 457,1666 430,1668 403,1666 375,1666 348,1666 321,1666 293,1667 266,1668 239,1670 212,1674"/>
                <Baseline points="212,1706 239,1702 266,1700 293,1699 321,1698 348,1698 375,1698 403,1698 430,1700 457,1698 485,1698 512,1698 539,1698 566,1698 594,1698 621,1698 648,1697 676,1696 703,1696 730,1698 758,1698"/>
                <TextEquiv>
                    <Unicode>praat toch immers in klad".</Unicode>
                </TextEquiv>
            </TextLine>
            <TextEquiv>
                <Unicode></Unicode>
            </TextEquiv>
        </TextRegion>
        <TextRegion id="r_6865" custom="readingOrder {index:8;} structure {type:paragraph;}">
            <Coords points="204,1735 204,1792 1638,1792 1638,1735"/>
            <TextLine id="tr_1_tl_21" custom="readingOrder {index:0;}">
                <Coords points="316,1779 358,1779 401,1779 444,1779 487,1779 530,1779 572,1779 615,1778 658,1777 701,1777 744,1777 786,1777 829,1776 872,1777 915,1775 958,1773 1000,1773 1043,1772 1086,1773 1129,1770 1172,1769 1172,1723 1129,1724 1086,1727 1043,1726 1000,1727 958,1727 915,1729 872,1731 829,1730 786,1731 744,1731 701,1731 658,1731 615,1732 572,1733 530,1733 487,1733 444,1733 401,1733 358,1733 316,1733"/>
                <Baseline points="316,1764 358,1764 401,1764 444,1764 487,1764 530,1764 572,1764 615,1763 658,1762 701,1762 744,1762 786,1762 829,1761 872,1762 915,1760 958,1758 1000,1758 1043,1757 1086,1758 1129,1755 1172,1754"/>
                <TextEquiv>
                    <Unicode>Je eerste rapport is werkelijk schitterend:</Unicode>
                </TextEquiv>
            </TextLine>
            <TextEquiv>
                <Unicode></Unicode>
            </TextEquiv>
        </TextRegion>
        <TextRegion id="r_6866" custom="readingOrder {index:9;} structure {type:paragraph;}">
            <Coords points="204,1792 204,1981 1638,1981 1638,1792"/>
            <TextLine id="tr_1_tl_22" custom="readingOrder {index:0;}">
                <Coords points="1212,1838 1238,1834 1264,1835 1290,1836 1316,1836 1316,1788 1290,1788 1264,1787 1238,1786 1212,1790"/>
                <Baseline points="1212,1822 1238,1818 1264,1819 1290,1820 1316,1820"/>
                <TextEquiv>
                    <Unicode>Bijbelsche Gesch. goed. Nuttige handwerken vold.</Unicode>
                </TextEquiv>
            </TextLine>
            <TextLine id="tr_1_tl_23" custom="readingOrder {index:1;}">
                <Coords points="212,1849 259,1847 307,1845 355,1845 402,1845 450,1845 498,1843 545,1846 593,1847 641,1844 689,1843 736,1845 784,1844 832,1841 879,1839 927,1839 975,1839 1022,1837 1070,1837 1118,1837 1166,1839 1166,1793 1118,1791 1070,1791 1022,1791 975,1793 927,1793 879,1793 832,1795 784,1798 736,1799 689,1797 641,1798 593,1801 545,1800 498,1797 450,1799 402,1799 355,1799 307,1799 259,1801 212,1803"/>
                <Baseline points="212,1834 259,1832 307,1830 355,1830 402,1830 450,1830 498,1828 545,1831 593,1832 641,1829 689,1828 736,1830 784,1829 832,1826 879,1824 927,1824 975,1824 1022,1822 1070,1822 1118,1822 1166,1824"/>
                <TextEquiv>
                    <Unicode>Lezen	vold.	Orde en netheid	goed.
</Unicode>
                </TextEquiv>
            </TextLine>
            <TextLine id="tr_1_tl_24" custom="readingOrder {index:2;}">
                <Coords points="1212,1904 1239,1902 1267,1902 1294,1902 1322,1904 1322,1856 1294,1854 1267,1854 1239,1854 1212,1856"/>
                <Baseline points="1212,1888 1239,1886 1267,1886 1294,1886 1322,1888"/>
                <TextEquiv>
                    <Unicode>Schrijven	vold.	gedrag	goed.
</Unicode>
                </TextEquiv>
            </TextLine>
            <TextLine id="tr_1_tl_25" custom="readingOrder {index:3;}">
                <Coords points="598,1911 625,1907 653,1907 681,1908 708,1909 736,1911 764,1909 791,1907 819,1905 847,1905 875,1905 902,1905 930,1905 958,1904 985,1903 1013,1903 1041,1902 1068,1901 1096,1903 1124,1905 1152,1905 1152,1859 1124,1859 1096,1857 1068,1855 1041,1856 1013,1857 985,1857 958,1858 930,1859 902,1859 875,1859 847,1859 819,1859 791,1861 764,1863 736,1865 708,1863 681,1862 653,1861 625,1861 598,1865"/>
                <Baseline points="598,1896 625,1892 653,1892 681,1893 708,1894 736,1896 764,1894 791,1892 819,1890 847,1890 875,1890 902,1890 930,1890 958,1889 985,1888 1013,1888 1041,1887 1068,1886 1096,1888 1124,1890 1152,1890"/>
                <TextEquiv>
                    <Unicode></Unicode>
                </TextEquiv>
            </TextLine>
            <TextLine id="tr_1_tl_26" custom="readingOrder {index:4;}">
                <Coords points="220,1913 246,1913 273,1913 299,1913 326,1915 326,1869 299,1867 273,1867 246,1867 220,1867"/>
                <Baseline points="220,1898 246,1898 273,1898 299,1898 326,1900"/>
                <TextEquiv>
                    <Unicode></Unicode>
                </TextEquiv>
            </TextLine>
            <TextLine id="tr_1_tl_27" custom="readingOrder {index:5;}">
                <Coords points="1212,1972 1237,1972 1263,1970 1288,1970 1314,1970 1314,1922 1288,1922 1263,1922 1237,1924 1212,1924"/>
                <Baseline points="1212,1956 1237,1956 1263,1954 1288,1954 1314,1954"/>
                <TextEquiv>
                    <Unicode></Unicode>
                </TextEquiv>
            </TextLine>
            <TextLine id="tr_1_tl_28" custom="readingOrder {index:6;}">
                <Coords points="788,1976 815,1975 842,1972 869,1972 896,1974 924,1974 924,1926 896,1926 869,1924 842,1924 815,1927 788,1928"/>
                <Baseline points="788,1960 815,1959 842,1956 869,1956 896,1958 924,1958"/>
                <TextEquiv>
                    <Unicode></Unicode>
                </TextEquiv>
            </TextLine>
            <TextLine id="tr_1_tl_29" custom="readingOrder {index:7;}">
                <Coords points="598,1975 625,1973 652,1973 680,1974 707,1976 734,1977 762,1979 762,1933 734,1931 707,1930 680,1928 652,1927 625,1927 598,1929"/>
                <Baseline points="598,1960 625,1958 652,1958 680,1959 707,1961 734,1962 762,1964"/>
                <TextEquiv>
                    <Unicode></Unicode>
                </TextEquiv>
            </TextLine>
            <TextLine id="tr_1_tl_30" custom="readingOrder {index:8;}">
                <Coords points="212,1981 238,1979 265,1979 291,1979 318,1979 344,1979 371,1978 397,1978 424,1979 450,1978 477,1976 503,1979 530,1977 530,1931 503,1933 477,1930 450,1932 424,1933 397,1932 371,1932 344,1933 318,1933 291,1933 265,1933 238,1933 212,1935"/>
                <Baseline points="212,1966 238,1964 265,1964 291,1964 318,1964 344,1964 371,1963 397,1963 424,1964 450,1963 477,1961 503,1964 530,1962"/>
                <TextEquiv>
                    <Unicode></Unicode>
                </TextEquiv>
            </TextLine>
            <TextEquiv>
                <Unicode></Unicode>
            </TextEquiv>
        </TextRegion>
    </Page>
</PcGts>
