<?xml version="1.0" encoding="UTF-8" standalone="yes"?>
<PcGts xmlns="http://schema.primaresearch.org/PAGE/gts/pagecontent/2013-07-15" xmlns:xsi="http://www.w3.org/2001/XMLSchema-instance" xsi:schemaLocation="http://schema.primaresearch.org/PAGE/gts/pagecontent/2013-07-15 http://schema.primaresearch.org/PAGE/gts/pagecontent/2013-07-15/pagecontent.xsd">
    <Metadata>
        <Creator>Transkribus</Creator>
        <Created>2024-10-04T16:38:52.893+02:00</Created>
        <LastChange>2024-10-17T14:46:16.487+02:00</LastChange>
        <TranskribusMetadata docId="4508828" pageId="79709996" pageNr="66" tsid="194341130" status="IN_PROGRESS" userId="297221" imgUrl="https://files.transkribus.eu/Get?id=AOFYYIPMYOKRFCINLRLJTDPF&amp;fileType=view" xmlUrl="https://files.transkribus.eu/Get?id=CHMPXPCXCFWRMZQKUMQYHWTV" imageId="65103832"/>
    </Metadata>
    <Page imageFilename="0066_NL-AsdNIOD_401_0161_0067.jpg" imageWidth="1702" imageHeight="2387">
        <ReadingOrder>
            <OrderedGroup id="ro_1729171049839" caption="Regions reading order">
                <RegionRefIndexed index="0" regionRef="r"/>
                <RegionRefIndexed index="1" regionRef="r_1539"/>
                <RegionRefIndexed index="2" regionRef="r_3464"/>
                <RegionRefIndexed index="3" regionRef="r_2817"/>
                <RegionRefIndexed index="4" regionRef="r_2818"/>
            </OrderedGroup>
        </ReadingOrder>
        <TextRegion id="r" custom="readingOrder {index:0;} structure {type:paragraph;}">
            <Coords points="225,337 225,671 1651,671 1651,337"/>
            <TextLine id="tr_1_tl_1" custom="readingOrder {index:0;}">
                <Coords points="811,389 841,389 871,387 901,389 931,385 931,337 901,341 871,339 841,341 811,341"/>
                <Baseline points="811,373 841,373 871,371 901,373 931,369"/>
                <TextEquiv>
                    <Unicode></Unicode>
                </TextEquiv>
            </TextLine>
            <TextLine id="tr_1_tl_2" custom="readingOrder {index:1;}">
                <Coords points="1225,521 1252,519 1280,519 1307,519 1335,519 1335,471 1307,471 1280,471 1252,471 1225,473"/>
                <Baseline points="1225,505 1252,503 1280,503 1307,503 1335,503"/>
                <TextEquiv>
                    <Unicode></Unicode>
                </TextEquiv>
            </TextLine>
            <TextLine id="tr_1_tl_3" custom="readingOrder {index:2;}">
                <Coords points="815,522 840,522 866,522 891,522 917,522 917,477 891,477 866,477 840,477 815,477"/>
                <Baseline points="815,507 840,507 866,507 891,507 917,507"/>
                <TextEquiv>
                    <Unicode></Unicode>
                </TextEquiv>
            </TextLine>
            <TextLine id="tr_1_tl_4" custom="readingOrder {index:3;}">
                <Coords points="227,532 252,530 278,530 303,530 329,530 354,530 380,529 405,527 431,526 456,524 482,524 507,525 533,527 558,527 584,526 609,526 635,526 635,480 609,480 584,480 558,481 533,481 507,479 482,478 456,478 431,480 405,481 380,483 354,484 329,484 303,484 278,484 252,484 227,486"/>
                <Baseline points="227,517 252,515 278,515 303,515 329,515 354,515 380,514 405,512 431,511 456,509 482,509 507,510 533,512 558,512 584,511 609,511 635,511"/>
                <TextEquiv>
                    <Unicode></Unicode>
                </TextEquiv>
            </TextLine>
            <TextLine id="tr_1_tl_5" custom="readingOrder {index:4;}">
                <Coords points="813,581 853,587 893,587 933,586 973,585 1013,585 1053,584 1093,583 1133,585 1173,584 1213,584 1253,585 1293,585 1333,585 1373,583 1413,582 1453,581 1493,581 1533,581 1573,581 1613,575 1613,532 1573,538 1533,538 1493,538 1453,538 1413,539 1373,540 1333,542 1293,542 1253,542 1213,541 1173,541 1133,542 1093,540 1053,541 1013,542 973,542 933,543 893,544 853,544 813,538"/>
                <Baseline points="813,567 853,573 893,573 933,572 973,571 1013,571 1053,570 1093,569 1133,571 1173,570 1213,570 1253,571 1293,571 1333,571 1373,569 1413,568 1453,567 1493,567 1533,567 1573,567 1613,561"/>
                <TextEquiv>
                    <Unicode></Unicode>
                </TextEquiv>
            </TextLine>
            <TextLine id="tr_1_tl_6" custom="readingOrder {index:5;}">
                <Coords points="225,598 250,597 275,598 301,598 326,596 352,596 377,596 402,594 428,591 453,588 479,590 504,592 529,593 555,594 580,594 606,594 631,593 657,590 657,544 631,547 606,548 580,548 555,548 529,547 504,546 479,544 453,542 428,545 402,548 377,550 352,550 326,550 301,552 275,552 250,551 225,552"/>
                <Baseline points="225,583 250,582 275,583 301,583 326,581 352,581 377,581 402,579 428,576 453,573 479,575 504,577 529,578 555,579 580,579 606,579 631,578 657,575"/>
                <TextEquiv>
                    <Unicode>Ned. taal vold. vlijt goed.</Unicode>
                </TextEquiv>
            </TextLine>
            <TextLine id="tr_1_tl_7" custom="readingOrder {index:6;}">
                <Coords points="871,659 903,659 936,655 969,655 969,607 936,607 903,611 871,611"/>
                <Baseline points="871,643 903,643 936,639 969,639"/>
                <TextEquiv>
                    <Unicode>Teekenen vold. "Doet flink haar best en gaat goed voor-</Unicode>
                </TextEquiv>
            </TextLine>
            <TextLine id="tr_1_tl_8" custom="readingOrder {index:7;}">
                <Coords points="227,665 252,663 278,663 303,665 329,665 354,664 380,663 405,663 431,662 456,659 482,659 507,660 533,661 558,660 584,660 609,661 635,661 635,613 609,613 584,612 558,612 533,613 507,612 482,611 456,611 431,614 405,615 380,615 354,616 329,617 303,617 278,615 252,615 227,617"/>
                <Baseline points="227,649 252,647 278,647 303,649 329,649 354,648 380,647 405,647 431,646 456,643 482,643 507,644 533,645 558,644 584,644 609,645 635,645"/>
                <TextEquiv>
                    <Unicode>Lich. oef. vold. uit".</Unicode>
                </TextEquiv>
            </TextLine>
            <TextEquiv>
                <Unicode></Unicode>
            </TextEquiv>
        </TextRegion>
        <TextRegion id="r_1539" custom="readingOrder {index:1;} structure {type:paragraph;}">
            <Coords points="225,671 225,1334 1651,1334 1651,671"/>
            <TextLine id="tr_1_tl_9" custom="readingOrder {index:0;} date {offset:25; length:14;yyyy-mm-dd:1947-12-28;}">
                <Coords points="235,731 303,731 371,729 439,727 508,727 576,725 644,725 713,724 781,723 849,723 918,721 986,720 1054,719 1122,717 1191,717 1259,716 1327,715 1396,715 1464,713 1532,713 1601,713 1601,665 1532,665 1464,665 1396,667 1327,667 1259,668 1191,669 1122,669 1054,671 986,672 918,673 849,675 781,675 713,676 644,677 576,677 508,679 439,679 371,681 303,683 235,683"/>
                <Baseline points="235,715 303,715 371,713 439,711 508,711 576,709 644,709 713,708 781,707 849,707 918,705 986,704 1054,703 1122,701 1191,701 1259,700 1327,699 1396,699 1464,697 1532,697 1601,697"/>
                <TextEquiv>
                    <Unicode>Op je verjaardag had je (Zaterd. 28 Dec.) wat kinderen bij elkaar en</Unicode>
                </TextEquiv>
            </TextLine>
            <TextLine id="tr_1_tl_10" custom="readingOrder {index:1;} person {offset:10; length:7;}">
                <Coords points="235,796 305,794 375,792 445,792 515,791 585,790 655,790 725,788 795,788 865,787 936,785 1006,784 1076,784 1146,784 1216,782 1286,781 1356,781 1426,780 1496,778 1566,778 1637,776 1637,730 1566,732 1496,732 1426,734 1356,735 1286,735 1216,736 1146,738 1076,738 1006,738 936,739 865,741 795,742 725,742 655,744 585,744 515,745 445,746 375,746 305,748 235,750"/>
                <Baseline points="235,781 305,779 375,777 445,777 515,776 585,775 655,775 725,773 795,773 865,772 936,770 1006,769 1076,769 1146,769 1216,767 1286,766 1356,766 1426,765 1496,763 1566,763 1637,761"/>
                <TextEquiv>
                    <Unicode>vertoonde Oom Wim een film, wat reuze insloeg. Je werd erg verwend met</Unicode>
                </TextEquiv>
            </TextLine>
            <TextLine id="tr_1_tl_11" custom="readingOrder {index:2;}">
                <Coords points="237,862 301,860 365,859 429,858 494,858 558,856 622,858 687,856 751,855 815,855 880,854 944,853 1008,852 1072,850 1137,848 1201,848 1265,848 1330,846 1394,846 1458,846 1523,848 1523,802 1458,800 1394,800 1330,800 1265,802 1201,802 1137,802 1072,804 1008,806 944,807 880,808 815,809 751,809 687,810 622,812 558,810 494,812 429,812 365,813 301,814 237,816"/>
                <Baseline points="237,847 301,845 365,844 429,843 494,843 558,841 622,843 687,841 751,840 815,840 880,839 944,838 1008,837 1072,835 1137,833 1201,833 1265,833 1330,831 1394,831 1458,831 1523,833"/>
                <TextEquiv>
                    <Unicode>veel cadeaux. Van mij kreeg je een pop met kleertjes. Toen ik je</Unicode>
                </TextEquiv>
            </TextLine>
            <TextLine id="tr_1_tl_12" custom="readingOrder {index:3;} person {offset:44; length:6;}">
                <Coords points="229,928 297,926 366,926 434,926 503,924 572,924 640,922 709,922 777,920 846,920 915,920 983,919 1052,917 1120,916 1189,914 1258,914 1326,912 1395,912 1463,911 1532,911 1601,916 1601,870 1532,865 1463,865 1395,866 1326,866 1258,868 1189,868 1120,870 1052,871 983,873 915,874 846,874 777,874 709,876 640,876 572,878 503,878 434,880 366,880 297,880 229,882"/>
                <Baseline points="229,913 297,911 366,911 434,911 503,909 572,909 640,907 709,907 777,905 846,905 915,905 983,904 1052,902 1120,901 1189,899 1258,899 1326,897 1395,897 1463,896 1532,896 1601,901"/>
                <TextEquiv>
                    <Unicode>mooie rapport zag, zei ik: "Nu krijg je van Moeder met je verjaardag</Unicode>
                </TextEquiv>
            </TextLine>
            <TextLine id="tr_1_tl_13" custom="readingOrder {index:4;}">
                <Coords points="235,994 301,992 367,990 433,990 499,990 565,988 631,988 697,986 763,986 829,985 896,984 962,982 1028,981 1094,981 1160,980 1226,978 1292,978 1358,977 1424,976 1490,976 1557,976 1557,936 1490,936 1424,936 1358,937 1292,938 1226,938 1160,940 1094,941 1028,941 962,942 896,944 829,945 763,946 697,946 631,948 565,948 499,950 433,950 367,950 301,952 235,954"/>
                <Baseline points="235,981 301,979 367,977 433,977 499,977 565,975 631,975 697,973 763,973 829,972 896,971 962,969 1028,968 1094,968 1160,967 1226,965 1292,965 1358,964 1424,963 1490,963 1557,963"/>
                <TextEquiv>
                    <Unicode>een hèel mooi cadeau, want ik ben zoo blij met dat mooie rapport".</Unicode>
                </TextEquiv>
            </TextLine>
            <TextLine id="tr_1_tl_14" custom="readingOrder {index:5;}">
                <Coords points="237,1060 303,1058 369,1058 435,1056 501,1056 568,1054 634,1052 700,1052 766,1050 832,1049 899,1048 965,1048 1031,1047 1097,1046 1163,1046 1230,1046 1296,1044 1362,1043 1428,1042 1494,1040 1561,1030 1561,990 1494,1000 1428,1002 1362,1003 1296,1004 1230,1006 1163,1006 1097,1006 1031,1007 965,1008 899,1008 832,1009 766,1010 700,1012 634,1012 568,1014 501,1016 435,1016 369,1018 303,1018 237,1020"/>
                <Baseline points="237,1047 303,1045 369,1045 435,1043 501,1043 568,1041 634,1039 700,1039 766,1037 832,1036 899,1035 965,1035 1031,1034 1097,1033 1163,1033 1230,1033 1296,1031 1362,1030 1428,1029 1494,1027 1561,1017"/>
                <TextEquiv>
                    <Unicode>Hierop zei je heel verwonderd: "Wat heeft dat er nu mee te maken?"</Unicode>
                </TextEquiv>
            </TextLine>
            <TextLine id="tr_1_tl_15" custom="readingOrder {index:6;}">
                <Coords points="335,1127 398,1127 461,1127 524,1125 588,1125 651,1121 714,1121 778,1120 841,1119 904,1119 968,1119 1031,1119 1094,1115 1157,1115 1221,1114 1284,1113 1347,1113 1411,1112 1474,1111 1537,1111 1601,1113 1601,1065 1537,1063 1474,1063 1411,1064 1347,1065 1284,1065 1221,1066 1157,1067 1094,1067 1031,1071 968,1071 904,1071 841,1071 778,1072 714,1073 651,1073 588,1077 524,1077 461,1079 398,1079 335,1079"/>
                <Baseline points="335,1111 398,1111 461,1111 524,1109 588,1109 651,1105 714,1105 778,1104 841,1103 904,1103 968,1103 1031,1103 1094,1099 1157,1099 1221,1098 1284,1097 1347,1097 1411,1096 1474,1095 1537,1095 1601,1097"/>
                <TextEquiv>
                    <Unicode>Je kan heel goed voor dragen. Met kerstmis waren we de 1ste dag</Unicode>
                </TextEquiv>
            </TextLine>
            <TextLine id="tr_1_tl_16" custom="readingOrder {index:7;} person {offset:4; length:11;}">
                <Coords points="245,1195 314,1196 384,1193 454,1193 524,1192 594,1191 664,1190 734,1190 804,1187 874,1187 944,1185 1013,1185 1083,1184 1153,1183 1223,1181 1293,1181 1363,1179 1433,1179 1503,1177 1573,1176 1643,1177 1643,1129 1573,1128 1503,1129 1433,1131 1363,1131 1293,1133 1223,1133 1153,1135 1083,1136 1013,1137 944,1137 874,1139 804,1139 734,1142 664,1142 594,1143 524,1144 454,1145 384,1145 314,1148 245,1147"/>
                <Baseline points="245,1179 314,1180 384,1177 454,1177 524,1176 594,1175 664,1174 734,1174 804,1171 874,1171 944,1169 1013,1169 1083,1168 1153,1167 1223,1165 1293,1165 1363,1163 1433,1163 1503,1161 1573,1160 1643,1161"/>
                <TextEquiv>
                    <Unicode>bij Tante Tonny en droeg je een heel mooi vers voor met manieren "Daar</Unicode>
                </TextEquiv>
            </TextLine>
            <TextLine id="tr_1_tl_17" custom="readingOrder {index:8;}">
                <Coords points="243,1265 312,1263 381,1261 450,1259 519,1257 588,1257 657,1256 726,1255 795,1255 864,1255 934,1253 1003,1252 1072,1251 1141,1249 1210,1249 1279,1249 1348,1247 1417,1247 1486,1245 1555,1244 1625,1243 1625,1195 1555,1196 1486,1197 1417,1199 1348,1199 1279,1201 1210,1201 1141,1201 1072,1203 1003,1204 934,1205 864,1207 795,1207 726,1207 657,1208 588,1209 519,1209 450,1211 381,1213 312,1215 243,1217"/>
                <Baseline points="243,1249 312,1247 381,1245 450,1243 519,1241 588,1241 657,1240 726,1239 795,1239 864,1239 934,1237 1003,1236 1072,1235 1141,1233 1210,1233 1279,1233 1348,1231 1417,1231 1486,1229 1555,1228 1625,1227"/>
                <TextEquiv>
                    <Unicode>blonk aan de Oostlijke hemel". In het gewoone praten zoek je ook heel</Unicode>
                </TextEquiv>
            </TextLine>
            <TextLine id="tr_1_tl_18" custom="readingOrder {index:9;}">
                <Coords points="241,1331 267,1329 293,1329 319,1329 346,1329 372,1329 398,1329 424,1329 451,1327 477,1327 503,1327 529,1326 556,1325 582,1324 608,1323 634,1325 661,1325 661,1277 634,1277 608,1275 582,1276 556,1277 529,1278 503,1279 477,1279 451,1279 424,1281 398,1281 372,1281 346,1281 319,1281 293,1281 267,1281 241,1283"/>
                <Baseline points="241,1315 267,1313 293,1313 319,1313 346,1313 372,1313 398,1313 424,1313 451,1311 477,1311 503,1311 529,1310 556,1309 582,1308 608,1307 634,1309 661,1309"/>
                <TextEquiv>
                    <Unicode>dikwijls rijmwoorden.</Unicode>
                </TextEquiv>
            </TextLine>
            <TextEquiv>
                <Unicode></Unicode>
            </TextEquiv>
        </TextRegion>
        <TextRegion id="r_3464" custom="readingOrder {index:2;} structure {type:heading;}">
            <Coords points="254,1355 503,1355 503,1395 254,1395"/>
            <TextEquiv>
                <Unicode></Unicode>
            </TextEquiv>
        </TextRegion>
        <TextRegion id="r_2817" custom="readingOrder {index:3;}">
            <Coords points="225,1334 225,1747 1651,1747 1651,1334"/>
            <TextLine id="tr_1_tl_20" custom="readingOrder {index:0;} place {offset:10; length:7;wikiData:Q1199713;} person {offset:48; length:6;}">
                <Coords points="245,1463 311,1461 377,1460 443,1459 509,1458 575,1455 641,1455 707,1455 773,1455 839,1455 906,1453 972,1451 1038,1451 1104,1449 1170,1447 1236,1447 1302,1447 1368,1445 1434,1445 1500,1445 1567,1443 1567,1400 1500,1402 1434,1402 1368,1402 1302,1404 1236,1404 1170,1404 1104,1406 1038,1408 972,1408 906,1410 839,1412 773,1412 707,1412 641,1412 575,1412 509,1415 443,1416 377,1417 311,1418 245,1420"/>
                <Baseline points="245,1449 311,1447 377,1446 443,1445 509,1444 575,1441 641,1441 707,1441 773,1441 839,1441 906,1439 972,1437 1038,1437 1104,1435 1170,1433 1236,1433 1302,1433 1368,1431 1434,1431 1500,1431 1567,1429"/>
                <TextEquiv>
                    <Unicode>Kruis uit Batavia, dat er een nalaten schap van Papie was, die per</Unicode>
                </TextEquiv>
            </TextLine>
            <TextLine id="tr_1_tl_19" custom="readingOrder {index:1;} date {offset:0; length:12;yyyy-mm-dd:1947-01-15;} organization {offset:59; length:15;wikiData:Q7178;}">
                <Coords points="245,1403 312,1397 380,1396 448,1393 516,1391 584,1389 652,1388 720,1388 788,1387 856,1387 924,1386 991,1384 1059,1385 1127,1383 1195,1381 1263,1380 1331,1379 1399,1379 1467,1377 1535,1375 1603,1375 1603,1332 1535,1332 1467,1334 1399,1336 1331,1336 1263,1337 1195,1338 1127,1340 1059,1342 991,1341 924,1343 856,1344 788,1344 720,1345 652,1345 584,1346 516,1348 448,1350 380,1353 312,1354 245,1360"/>
                <Baseline points="245,1389 312,1383 380,1382 448,1379 516,1377 584,1375 652,1374 720,1374 788,1373 856,1373 924,1372 991,1370 1059,1371 1127,1369 1195,1367 1263,1366 1331,1365 1399,1365 1467,1363 1535,1361 1603,1361"/>
                <TextEquiv>
                    <Unicode>15 Jan. 1947. Eenige tijd geleden ontving ik een brief van het Roode Kruis</Unicode>
                </TextEquiv>
            </TextLine>
            <TextLine id="tr_1_tl_21" custom="readingOrder {index:2;} place {offset:27; length:8;wikiData:Q36600;}">
                <Coords points="243,1528 311,1528 379,1528 447,1527 516,1525 584,1524 652,1522 721,1521 789,1520 857,1520 926,1520 994,1519 1062,1518 1130,1516 1199,1514 1267,1513 1335,1512 1404,1512 1472,1511 1540,1510 1609,1512 1609,1466 1540,1464 1472,1465 1404,1466 1335,1466 1267,1467 1199,1468 1130,1470 1062,1472 994,1473 926,1474 857,1474 789,1474 721,1475 652,1476 584,1478 516,1479 447,1481 379,1482 311,1482 243,1482"/>
                <Baseline points="243,1513 311,1513 379,1513 447,1512 516,1510 584,1509 652,1507 721,1506 789,1505 857,1505 926,1505 994,1504 1062,1503 1130,1501 1199,1499 1267,1498 1335,1497 1404,1497 1472,1496 1540,1495 1609,1497"/>
                <TextEquiv>
                    <Unicode>aangeteekende zeepost naar Den Haag gestuurd zou worden, waar ik hem</Unicode>
                </TextEquiv>
            </TextLine>
            <TextLine id="tr_1_tl_22" custom="readingOrder {index:3;} person {offset:51; length:18;}">
                <Coords points="247,1599 316,1595 385,1595 455,1593 524,1593 594,1591 663,1590 732,1589 802,1589 871,1587 941,1587 1010,1585 1079,1585 1149,1583 1218,1583 1288,1580 1357,1579 1426,1577 1496,1577 1565,1576 1635,1577 1635,1529 1565,1528 1496,1529 1426,1529 1357,1531 1288,1532 1218,1535 1149,1535 1079,1537 1010,1537 941,1539 871,1539 802,1541 732,1541 663,1542 594,1543 524,1545 455,1545 385,1547 316,1547 247,1551"/>
                <Baseline points="247,1583 316,1579 385,1579 455,1577 524,1577 594,1575 663,1574 732,1573 802,1573 871,1571 941,1571 1010,1569 1079,1569 1149,1567 1218,1567 1288,1564 1357,1563 1426,1561 1496,1561 1565,1560 1635,1561"/>
                <TextEquiv>
                    <Unicode>tegen handteekening in ontvangst zou kunnen nemen. Tante Bep Driessen</Unicode>
                </TextEquiv>
            </TextLine>
            <TextLine id="tr_1_tl_23" custom="readingOrder {index:4;}">
                <Coords points="249,1662 319,1659 389,1658 459,1658 529,1657 599,1656 669,1655 739,1654 809,1654 879,1652 950,1652 1020,1650 1090,1648 1160,1647 1230,1648 1300,1644 1370,1644 1440,1642 1510,1642 1580,1640 1651,1642 1651,1596 1580,1594 1510,1596 1440,1596 1370,1598 1300,1598 1230,1602 1160,1601 1090,1602 1020,1604 950,1606 879,1606 809,1608 739,1608 669,1609 599,1610 529,1611 459,1612 389,1612 319,1613 249,1616"/>
                <Baseline points="249,1647 319,1644 389,1643 459,1643 529,1642 599,1641 669,1640 739,1639 809,1639 879,1637 950,1637 1020,1635 1090,1633 1160,1632 1230,1633 1300,1629 1370,1629 1440,1627 1510,1627 1580,1625 1651,1627"/>
                <TextEquiv>
                    <Unicode>waarschuwde me echter, want een kennisje van haar, had een lok haar en</Unicode>
                </TextEquiv>
            </TextLine>
            <TextLine id="tr_1_tl_24" custom="readingOrder {index:5;}">
                <Coords points="245,1726 295,1726 345,1726 395,1725 445,1726 496,1724 546,1723 596,1722 646,1720 696,1719 747,1719 797,1718 847,1718 897,1717 947,1716 998,1716 1048,1715 1098,1714 1148,1713 1198,1712 1249,1712 1249,1666 1198,1666 1148,1667 1098,1668 1048,1669 998,1670 947,1670 897,1671 847,1672 797,1672 747,1673 696,1673 646,1674 596,1676 546,1677 496,1678 445,1680 395,1679 345,1680 295,1680 245,1680"/>
                <Baseline points="245,1711 295,1711 345,1711 395,1710 445,1711 496,1709 546,1708 596,1707 646,1705 696,1704 747,1704 797,1703 847,1703 897,1702 947,1701 998,1701 1048,1700 1098,1699 1148,1698 1198,1697 1249,1697"/>
                <TextEquiv>
                    <Unicode>een nagel ontvangen, wat usance was bij de Jappen.</Unicode>
                </TextEquiv>
            </TextLine>
            <TextEquiv>
                <Unicode></Unicode>
            </TextEquiv>
        </TextRegion>
        <TextRegion id="r_2818" custom="readingOrder {index:4;} structure {type:paragraph;}">
            <Coords points="225,1747 225,1995 1651,1995 1651,1747"/>
            <TextLine id="tr_1_tl_25" custom="readingOrder {index:0;} person {offset:32; length:20;}">
                <Coords points="347,1789 408,1787 469,1787 531,1787 592,1787 654,1785 715,1784 776,1783 838,1783 899,1782 961,1780 1022,1779 1083,1777 1145,1775 1206,1775 1268,1775 1329,1775 1390,1773 1452,1773 1513,1771 1575,1779 1575,1736 1513,1728 1452,1730 1390,1730 1329,1732 1268,1732 1206,1732 1145,1732 1083,1734 1022,1736 961,1737 899,1739 838,1740 776,1740 715,1741 654,1742 592,1744 531,1744 469,1744 408,1744 347,1746"/>
                <Baseline points="347,1775 408,1773 469,1773 531,1773 592,1773 654,1771 715,1770 776,1769 838,1769 899,1768 961,1766 1022,1765 1083,1763 1145,1761 1206,1761 1268,1761 1329,1761 1390,1759 1452,1759 1513,1757 1575,1765"/>
                <TextEquiv>
                    <Unicode>Gisteren had ik afgesproken met Tante Griet Vigeleyn haar bij</Unicode>
                </TextEquiv>
            </TextLine>
            <TextLine id="tr_1_tl_26" custom="readingOrder {index:1;} place {offset:0; length:8;} person {offset:9; length:6;} place {offset:55; length:10;wikiData:Q505601;}">
                <Coords points="249,1857 319,1855 389,1853 459,1853 529,1853 599,1851 669,1851 739,1849 809,1849 879,1847 949,1846 1019,1845 1089,1843 1159,1842 1229,1841 1299,1840 1369,1839 1439,1837 1509,1838 1579,1837 1649,1837 1649,1794 1579,1794 1509,1795 1439,1794 1369,1796 1299,1797 1229,1798 1159,1799 1089,1800 1019,1802 949,1803 879,1804 809,1806 739,1806 669,1808 599,1808 529,1810 459,1810 389,1810 319,1812 249,1814"/>
                <Baseline points="249,1843 319,1841 389,1839 459,1839 529,1839 599,1837 669,1837 739,1835 809,1835 879,1833 949,1832 1019,1831 1089,1829 1159,1828 1229,1827 1299,1826 1369,1825 1439,1823 1509,1824 1579,1823 1649,1823"/>
                <TextEquiv>
                    <Unicode>Leusvelt Nicola te ontmoeten en zou ik verder mee naar Wassenaar gaan.</Unicode>
                </TextEquiv>
            </TextLine>
            <TextLine id="tr_1_tl_27" custom="readingOrder {index:2;} organization {offset:44; length:15;} place {offset:63; length:5; continued:true;}">
                <Coords points="249,1927 317,1923 385,1921 453,1921 521,1921 589,1921 657,1921 725,1918 793,1917 861,1917 930,1914 998,1913 1066,1911 1134,1911 1202,1909 1270,1909 1338,1907 1406,1907 1474,1905 1542,1904 1611,1903 1611,1855 1542,1856 1474,1857 1406,1859 1338,1859 1270,1861 1202,1861 1134,1863 1066,1863 998,1865 930,1866 861,1869 793,1869 725,1870 657,1873 589,1873 521,1873 453,1873 385,1873 317,1875 249,1879"/>
                <Baseline points="249,1911 317,1907 385,1905 453,1905 521,1905 589,1905 657,1905 725,1902 793,1901 861,1901 930,1898 998,1897 1066,1895 1134,1895 1202,1893 1270,1893 1338,1891 1406,1891 1474,1889 1542,1888 1611,1887"/>
                <TextEquiv>
                    <Unicode>Juist vòor half éen konden we nog net naar 't Roode Kruis in de Vla-</Unicode>
                </TextEquiv>
            </TextLine>
            <TextLine id="tr_1_tl_28" custom="readingOrder {index:3;} place {offset:0; length:10; continued:true;}">
                <Coords points="251,1995 319,1992 387,1991 455,1989 524,1987 592,1987 660,1985 729,1985 797,1985 865,1983 934,1981 1002,1981 1070,1979 1138,1977 1207,1977 1275,1975 1343,1973 1412,1973 1480,1972 1548,1971 1617,1969 1617,1921 1548,1923 1480,1924 1412,1925 1343,1925 1275,1927 1207,1929 1138,1929 1070,1931 1002,1933 934,1933 865,1935 797,1937 729,1937 660,1937 592,1939 524,1939 455,1941 387,1943 319,1944 251,1947"/>
                <Baseline points="251,1979 319,1976 387,1975 455,1973 524,1971 592,1971 660,1969 729,1969 797,1969 865,1967 934,1965 1002,1965 1070,1963 1138,1961 1207,1961 1275,1959 1343,1957 1412,1957 1480,1956 1548,1955 1617,1953"/>
                <TextEquiv>
                    <Unicode>mingstraat. Daar ontving ik een enveloppe met een brief kaart (in 't</Unicode>
                </TextEquiv>
            </TextLine>
            <TextEquiv>
                <Unicode></Unicode>
            </TextEquiv>
        </TextRegion>
    </Page>
</PcGts>
