<?xml version="1.0" encoding="UTF-8" standalone="yes"?>
<PcGts xmlns="http://schema.primaresearch.org/PAGE/gts/pagecontent/2013-07-15" xmlns:xsi="http://www.w3.org/2001/XMLSchema-instance" xsi:schemaLocation="http://schema.primaresearch.org/PAGE/gts/pagecontent/2013-07-15 http://schema.primaresearch.org/PAGE/gts/pagecontent/2013-07-15/pagecontent.xsd">
    <Metadata>
        <Creator>Transkribus</Creator>
        <Created>2024-10-04T16:38:53.201+02:00</Created>
        <LastChange>2024-10-17T14:47:19.501+02:00</LastChange>
        <TranskribusMetadata docId="4508828" pageId="79709980" pageNr="69" tsid="194341289" status="DONE" userId="297213" imgUrl="https://files.transkribus.eu/Get?id=LDQSIEQQXXJETFJPMQEYYRZV&amp;fileType=view" xmlUrl="https://files.transkribus.eu/Get?id=UWJACXMCIMXAZJHHVZOBPWNZ" imageId="65103834"/>
    </Metadata>
    <Page imageFilename="0069_NL-AsdNIOD_401_0161_0070.jpg" imageWidth="1705" imageHeight="2391">
        <ReadingOrder>
            <OrderedGroup id="ro_1729171049861" caption="Regions reading order">
                <RegionRefIndexed index="0" regionRef="r_39"/>
                <RegionRefIndexed index="1" regionRef="r"/>
                <RegionRefIndexed index="2" regionRef="r_1497"/>
                <RegionRefIndexed index="3" regionRef="r_2389"/>
                <RegionRefIndexed index="4" regionRef="r_170"/>
                <RegionRefIndexed index="5" regionRef="r_2390"/>
            </OrderedGroup>
        </ReadingOrder>
        <TextRegion id="r_39" custom="readingOrder {index:0;} structure {type:heading;}">
            <Coords points="193,462 396,462 396,531 193,531"/>
            <TextEquiv>
                <Unicode></Unicode>
            </TextEquiv>
        </TextRegion>
        <TextRegion id="r" custom="readingOrder {index:1;} structure {type:paragraph;}">
            <Coords points="403,336 398,529 199,539 199,1062 1639,1062 1639,332"/>
            <TextLine id="tr_1_tl_2" custom="readingOrder {index:0;} date {offset:0; length:10;yyyy-mm-dd:1947-10;} date {offset:14; length:6;yyyy-mm-dd:1947-03;} date {offset:22; length:4;yyyy-mm-dd:1947-10;} atm_home {offset:27; length:8;} person {offset:42; length:10;} person {offset:53; length:4;} person {offset:61; length:6;}">
                <Coords points="205,523 273,524 342,522 411,521 480,519 549,518 618,519 687,517 756,517 825,517 894,517 962,515 1031,515 1100,515 1169,513 1238,513 1307,513 1376,513 1445,511 1514,511 1583,515 1583,467 1514,463 1445,463 1376,465 1307,465 1238,465 1169,465 1100,467 1031,467 962,467 894,469 825,469 756,469 687,469 618,471 549,470 480,471 411,473 342,474 273,476 205,475"/>
                <Baseline points="205,507 273,508 342,506 411,505 480,503 549,502 618,503 687,501 756,501 825,501 894,501 962,499 1031,499 1100,499 1169,497 1238,497 1307,497 1376,497 1445,495 1514,495 1583,499"/>
                <TextEquiv>
                    <Unicode>Oct. 1947 Van Maart - Oct. woonden we bij Tante Thea Loep en Astrid.</Unicode>
                </TextEquiv>
            </TextLine>
            <TextLine id="tr_1_tl_3" custom="readingOrder {index:1;} place {offset:6; length:10;wikiData:Q2113123;} atm_home {offset:21; length:46; continued:true;}">
                <Coords points="205,589 272,589 339,588 406,587 474,587 541,586 608,585 676,585 743,585 810,583 878,583 945,585 1012,581 1079,581 1147,581 1214,579 1281,581 1349,579 1416,579 1483,579 1551,581 1551,533 1483,531 1416,531 1349,531 1281,533 1214,531 1147,533 1079,533 1012,533 945,537 878,535 810,535 743,537 676,537 608,537 541,538 474,539 406,539 339,540 272,541 205,541"/>
                <Baseline points="205,573 272,573 339,572 406,571 474,571 541,570 608,569 676,569 743,569 810,567 878,567 945,569 1012,565 1079,565 1147,565 1214,563 1281,565 1349,563 1416,563 1483,563 1551,565"/>
                <TextEquiv>
                    <Unicode>op de Apollolaan 51. Daar 't onmogelijk was kamers te huren zijn we</Unicode>
                </TextEquiv>
            </TextLine>
            <TextLine id="tr_1_tl_4" custom="readingOrder {index:2;} atm_home {offset:0; length:29; continued:true;} person {offset:7; length:3;} person {offset:14; length:4;}">
                <Coords points="199,657 252,655 306,657 359,654 413,655 466,653 520,653 573,651 627,651 680,651 734,651 787,651 841,651 894,650 948,649 1001,649 1055,647 1108,648 1162,648 1215,649 1269,651 1269,603 1215,601 1162,600 1108,600 1055,599 1001,601 948,601 894,602 841,603 787,603 734,603 680,603 627,603 573,603 520,605 466,605 413,607 359,606 306,609 252,607 199,609"/>
                <Baseline points="199,641 252,639 306,641 359,638 413,639 466,637 520,637 573,635 627,635 680,635 734,635 787,635 841,635 894,634 948,633 1001,633 1055,631 1108,632 1162,632 1215,633 1269,635"/>
                <TextEquiv>
                    <Unicode>nu bij Omi en Opa gaan wonen. Jij vindt het prachtig.</Unicode>
                </TextEquiv>
            </TextLine>
            <TextLine id="tr_1_tl_5" custom="readingOrder {index:3;} atm_food {offset:35; length:5;} person {offset:63; length:5; continued:true;}">
                <Coords points="211,723 279,721 347,721 415,720 483,721 551,719 619,718 687,717 755,717 823,717 891,717 959,715 1027,717 1095,715 1163,715 1231,713 1299,713 1367,713 1435,712 1503,711 1571,713 1571,665 1503,663 1435,664 1367,665 1299,665 1231,665 1163,667 1095,667 1027,669 959,667 891,669 823,669 755,669 687,669 619,670 551,671 483,673 415,672 347,673 279,673 211,675"/>
                <Baseline points="211,707 279,705 347,705 415,704 483,705 551,703 619,702 687,701 755,701 823,701 891,701 959,699 1027,701 1095,699 1163,699 1231,697 1299,697 1367,697 1435,696 1503,695 1571,697"/>
                <TextEquiv>
                    <Unicode>Laatst dankte je aan tafel vòor we fruit gegeten hadden en zei Tante</Unicode>
                </TextEquiv>
            </TextLine>
            <TextLine id="tr_1_tl_6" custom="readingOrder {index:4;} person {offset:0; length:4; continued:true;} person {offset:7; length:5;} atm_food {offset:23; length:5;}">
                <Coords points="203,791 272,787 341,787 411,788 480,789 550,789 619,787 688,785 758,783 827,784 897,785 966,783 1035,784 1105,781 1174,781 1244,781 1313,781 1382,779 1452,779 1521,778 1591,781 1591,733 1521,730 1452,731 1382,731 1313,733 1244,733 1174,733 1105,733 1035,736 966,735 897,737 827,736 758,735 688,737 619,739 550,741 480,741 411,740 341,739 272,739 203,743"/>
                <Baseline points="203,775 272,771 341,771 411,772 480,773 550,773 619,771 688,769 758,767 827,768 897,769 966,767 1035,768 1105,765 1174,765 1244,765 1313,765 1382,763 1452,763 1521,762 1591,765"/>
                <TextEquiv>
                    <Unicode>Thea: "Mieke, jij geen fruit"? "Ja graag, maar ik heb al gedankt, hoe</Unicode>
                </TextEquiv>
            </TextLine>
            <TextLine id="tr_1_tl_7" custom="readingOrder {index:5;}">
                <Coords points="199,857 255,855 311,855 368,855 424,855 481,855 537,854 593,853 650,852 706,851 763,851 819,851 875,851 932,849 988,849 1045,850 1101,847 1157,848 1214,849 1270,847 1327,851 1327,803 1270,799 1214,801 1157,800 1101,799 1045,802 988,801 932,801 875,803 819,803 763,803 706,803 650,804 593,805 537,806 481,807 424,807 368,807 311,807 255,807 199,809"/>
                <Baseline points="199,841 255,839 311,839 368,839 424,839 481,839 537,838 593,837 650,836 706,835 763,835 819,835 875,835 932,833 988,833 1045,834 1101,831 1157,832 1214,833 1270,831 1327,835"/>
                <TextEquiv>
                    <Unicode>moet dat nu? O, zal ik even terug bidden?"; zei je toen.</Unicode>
                </TextEquiv>
            </TextLine>
            <TextLine id="tr_1_tl_8" custom="readingOrder {index:6;} date {offset:4; length:5;yyyy-mm-dd:19470901;} organization {offset:27; length:13;} place {offset:47; length:17;wikiData:Q19254314;}">
                <Coords points="207,923 271,923 336,923 400,924 465,921 529,922 594,921 658,919 723,917 787,917 852,917 916,915 981,915 1045,915 1110,913 1174,913 1239,913 1303,913 1368,912 1432,911 1497,915 1497,867 1432,863 1368,864 1303,865 1239,865 1174,865 1110,865 1045,867 981,867 916,867 852,869 787,869 723,869 658,871 594,873 529,874 465,873 400,876 336,875 271,875 207,875"/>
                <Baseline points="207,907 271,907 336,907 400,908 465,905 529,906 594,905 658,903 723,901 787,901 852,901 916,899 981,899 1045,899 1110,897 1174,897 1239,897 1303,897 1368,896 1432,895 1497,899"/>
                <TextEquiv>
                    <Unicode>Met 1 Sept ging je naar de v. Loonschool in de Hondecoeterstraat</Unicode>
                </TextEquiv>
            </TextLine>
            <TextLine id="tr_1_tl_9" custom="readingOrder {index:7;} person {offset:7; length:15;}">
                <Coords points="213,992 283,988 353,986 423,988 493,987 564,986 634,986 704,984 774,984 844,982 915,982 985,982 1055,980 1125,980 1195,978 1266,979 1336,978 1406,978 1476,978 1546,978 1617,980 1617,934 1546,932 1476,932 1406,932 1336,932 1266,933 1195,932 1125,934 1055,934 985,936 915,936 844,936 774,938 704,938 634,940 564,940 493,941 423,942 353,940 283,942 213,946"/>
                <Baseline points="213,977 283,973 353,971 423,973 493,972 564,971 634,971 704,969 774,969 844,967 915,967 985,967 1055,965 1125,965 1195,963 1266,964 1336,963 1406,963 1476,963 1546,963 1617,965"/>
                <TextEquiv>
                    <Unicode>(hoofd Mej. Spoormaker). Je moet wat bij werken met rekenen en taal en</Unicode>
                </TextEquiv>
            </TextLine>
            <TextLine id="tr_1_tl_10" custom="readingOrder {index:8;}">
                <Coords points="209,1056 242,1056 275,1056 308,1056 341,1055 374,1054 407,1054 440,1055 473,1056 506,1054 539,1054 572,1054 605,1054 638,1052 671,1052 704,1053 737,1053 770,1052 803,1052 836,1052 869,1056 869,1011 836,1007 803,1007 770,1007 737,1008 704,1008 671,1007 638,1007 605,1009 572,1009 539,1009 506,1009 473,1011 440,1010 407,1009 374,1009 341,1010 308,1011 275,1011 242,1011 209,1011"/>
                <Baseline points="209,1041 242,1041 275,1041 308,1041 341,1040 374,1039 407,1039 440,1040 473,1041 506,1039 539,1039 572,1039 605,1039 638,1037 671,1037 704,1038 737,1038 770,1037 803,1037 836,1037 869,1041"/>
                <TextEquiv>
                    <Unicode>ook de schrijf methode is anders.</Unicode>
                </TextEquiv>
            </TextLine>
            <TextEquiv>
                <Unicode></Unicode>
            </TextEquiv>
        </TextRegion>
        <TextRegion id="r_1497" custom="readingOrder {index:2;} structure {type:paragraph;}">
            <Coords points="199,1062 199,1267 1639,1267 1639,1062"/>
            <TextLine id="tr_1_tl_11" custom="readingOrder {index:0;} person {offset:30; length:6;}">
                <Coords points="309,1123 372,1121 435,1121 498,1121 561,1122 624,1121 687,1120 750,1118 813,1117 876,1117 940,1115 1003,1115 1066,1115 1129,1115 1192,1114 1255,1113 1318,1113 1381,1113 1444,1113 1507,1111 1571,1111 1571,1063 1507,1063 1444,1065 1381,1065 1318,1065 1255,1065 1192,1066 1129,1067 1066,1067 1003,1067 940,1067 876,1069 813,1069 750,1070 687,1072 624,1073 561,1074 498,1073 435,1073 372,1073 309,1075"/>
                <Baseline points="309,1107 372,1105 435,1105 498,1105 561,1106 624,1105 687,1104 750,1102 813,1101 876,1101 940,1099 1003,1099 1066,1099 1129,1099 1192,1098 1255,1097 1318,1097 1381,1097 1444,1097 1507,1095 1571,1095"/>
                <TextEquiv>
                    <Unicode>Laatst kwam je uit school. "O mammie, ik ben zó verrukt. Ik zit</Unicode>
                </TextEquiv>
            </TextLine>
            <TextLine id="tr_1_tl_12" custom="readingOrder {index:1;} person {offset:6; length:35;} person {offset:43; length:2;}">
                <Coords points="203,1193 270,1189 337,1189 404,1187 471,1187 538,1187 605,1187 672,1185 739,1183 806,1183 873,1183 940,1183 1007,1181 1074,1181 1141,1181 1208,1179 1275,1179 1342,1179 1409,1179 1476,1181 1543,1179 1543,1131 1476,1133 1409,1131 1342,1131 1275,1131 1208,1131 1141,1133 1074,1133 1007,1133 940,1135 873,1135 806,1135 739,1135 672,1137 605,1139 538,1139 471,1139 404,1139 337,1141 270,1141 203,1145"/>
                <Baseline points="203,1177 270,1173 337,1173 404,1171 471,1171 538,1171 605,1171 672,1169 739,1167 806,1167 873,1167 940,1167 1007,1165 1074,1165 1141,1165 1208,1163 1275,1163 1342,1163 1409,1163 1476,1165 1543,1163"/>
                <TextEquiv>
                    <Unicode>naast het liefste meisje van de hele klas. Ze heeft zo'n aardig ge-</Unicode>
                </TextEquiv>
            </TextLine>
            <TextLine id="tr_1_tl_13" custom="readingOrder {index:2;} atm_food {offset:37; length:16;}">
                <Coords points="209,1258 264,1256 319,1254 374,1254 429,1252 484,1252 539,1252 594,1252 649,1250 704,1250 760,1248 815,1248 870,1248 925,1246 980,1246 1035,1246 1090,1246 1145,1246 1200,1246 1255,1244 1311,1246 1311,1200 1255,1198 1200,1200 1145,1200 1090,1200 1035,1200 980,1200 925,1200 870,1202 815,1202 760,1202 704,1204 649,1204 594,1206 539,1206 484,1206 429,1206 374,1208 319,1208 264,1210 209,1212"/>
                <Baseline points="209,1243 264,1241 319,1239 374,1239 429,1237 484,1237 539,1237 594,1237 649,1235 704,1235 760,1233 815,1233 870,1233 925,1231 980,1231 1035,1231 1090,1231 1145,1231 1200,1231 1255,1229 1311,1231"/>
                <TextEquiv>
                    <Unicode>zichtje en dikke armen en benen, net gehakt balletjes".</Unicode>
                </TextEquiv>
            </TextLine>
            <TextEquiv>
                <Unicode></Unicode>
            </TextEquiv>
        </TextRegion>
        <TextRegion id="r_2389" custom="readingOrder {index:3;} structure {type:paragraph;}">
            <Coords points="199,1267 199,1866 1639,1866 1639,1267"/>
            <TextLine id="tr_1_tl_14" custom="readingOrder {index:0;} person {offset:39; length:15;}">
                <Coords points="307,1322 369,1320 432,1318 494,1318 557,1316 619,1317 682,1316 744,1314 807,1314 869,1314 932,1312 994,1312 1057,1312 1119,1311 1182,1311 1244,1310 1307,1310 1369,1310 1432,1308 1494,1308 1557,1310 1557,1264 1494,1262 1432,1262 1369,1264 1307,1264 1244,1264 1182,1265 1119,1265 1057,1266 994,1266 932,1266 869,1268 807,1268 744,1268 682,1270 619,1271 557,1270 494,1272 432,1272 369,1274 307,1276"/>
                <Baseline points="307,1307 369,1305 432,1303 494,1303 557,1301 619,1302 682,1301 744,1299 807,1299 869,1299 932,1297 994,1297 1057,1297 1119,1296 1182,1296 1244,1295 1307,1295 1369,1295 1432,1293 1494,1293 1557,1295"/>
                <TextEquiv>
                    <Unicode>Niet lang daarna bad je op een avond. "Onze lieve Heer, mag ik</Unicode>
                </TextEquiv>
            </TextLine>
            <TextLine id="tr_1_tl_15" custom="readingOrder {index:1;} person {offset:34; length:4;}">
                <Coords points="209,1388 277,1390 345,1388 413,1386 481,1385 550,1384 618,1384 686,1382 754,1382 822,1378 891,1378 959,1378 1027,1376 1095,1378 1163,1376 1232,1376 1300,1376 1368,1376 1436,1374 1504,1373 1573,1374 1573,1329 1504,1328 1436,1329 1368,1331 1300,1331 1232,1331 1163,1331 1095,1333 1027,1331 959,1333 891,1333 822,1333 754,1337 686,1337 618,1339 550,1339 481,1340 413,1341 345,1343 277,1345 209,1343"/>
                <Baseline points="209,1373 277,1375 345,1373 413,1371 481,1370 550,1369 618,1369 686,1367 754,1367 822,1363 891,1363 959,1363 1027,1361 1095,1363 1163,1361 1232,1361 1300,1361 1368,1361 1436,1359 1504,1358 1573,1359"/>
                <TextEquiv>
                    <Unicode>nog jaren en jaren en jaren naast Ninè op school zitten en laat U me</Unicode>
                </TextEquiv>
            </TextLine>
            <TextLine id="tr_1_tl_16" custom="readingOrder {index:2;}">
                <Coords points="209,1453 277,1451 345,1451 413,1451 481,1449 549,1447 617,1449 685,1447 753,1447 821,1445 890,1445 958,1444 1026,1443 1094,1443 1162,1441 1230,1441 1298,1441 1366,1441 1434,1441 1502,1439 1571,1437 1571,1395 1502,1397 1434,1399 1366,1399 1298,1399 1230,1399 1162,1399 1094,1401 1026,1401 958,1402 890,1403 821,1403 753,1405 685,1405 617,1407 549,1405 481,1407 413,1409 345,1409 277,1409 209,1411"/>
                <Baseline points="209,1439 277,1437 345,1437 413,1437 481,1435 549,1433 617,1435 685,1433 753,1433 821,1431 890,1431 958,1430 1026,1429 1094,1429 1162,1427 1230,1427 1298,1427 1366,1427 1434,1427 1502,1425 1571,1423"/>
                <TextEquiv>
                    <Unicode>dood gaan als ik 80 jaar ben. Amen" en in één adem daarna tegen mij:</Unicode>
                </TextEquiv>
            </TextLine>
            <TextLine id="tr_1_tl_17" custom="readingOrder {index:3;}">
                <Coords points="217,1509 280,1517 343,1517 406,1516 469,1516 532,1515 595,1514 658,1514 721,1513 784,1511 847,1511 910,1511 973,1509 1036,1509 1099,1509 1162,1508 1225,1507 1288,1507 1351,1505 1414,1505 1477,1507 1477,1465 1414,1463 1351,1463 1288,1465 1225,1465 1162,1466 1099,1467 1036,1467 973,1467 910,1469 847,1469 784,1469 721,1471 658,1472 595,1472 532,1473 469,1474 406,1474 343,1475 280,1475 217,1467"/>
                <Baseline points="217,1495 280,1503 343,1503 406,1502 469,1502 532,1501 595,1500 658,1500 721,1499 784,1497 847,1497 910,1497 973,1495 1036,1495 1099,1495 1162,1494 1225,1493 1288,1493 1351,1491 1414,1491 1477,1493"/>
                <TextEquiv>
                    <Unicode>'k Heb maar niet voor U gebeden, dat moet U nou maar eens zelf doen.</Unicode>
                </TextEquiv>
            </TextLine>
            <TextLine id="tr_1_tl_18" custom="readingOrder {index:4;}">
                <Coords points="207,1585 276,1587 345,1586 414,1585 483,1585 552,1585 621,1583 690,1583 759,1582 828,1582 898,1579 967,1579 1036,1579 1105,1577 1174,1575 1243,1575 1312,1573 1381,1573 1450,1573 1519,1573 1589,1577 1589,1528 1519,1524 1450,1524 1381,1524 1312,1524 1243,1526 1174,1526 1105,1528 1036,1530 967,1530 898,1530 828,1533 759,1533 690,1534 621,1534 552,1536 483,1536 414,1536 345,1537 276,1538 207,1536"/>
                <Baseline points="207,1569 276,1571 345,1570 414,1569 483,1569 552,1569 621,1567 690,1567 759,1566 828,1566 898,1563 967,1563 1036,1563 1105,1561 1174,1559 1243,1559 1312,1557 1381,1557 1450,1557 1519,1557 1589,1561"/>
                <TextEquiv>
                    <Unicode>We gaan naar nu dagelijks met lijn 3 naar en van school en koffie drinken,</Unicode>
                </TextEquiv>
            </TextLine>
            <TextLine id="tr_1_tl_19" custom="readingOrder {index:5;} person {offset:11; length:8;} person {offset:23; length:10;} place {offset:40; length:13;wikiData:Q2466934;} date {offset:54; length:17;}">
                <Coords points="213,1653 284,1653 355,1652 426,1652 497,1651 568,1649 639,1649 710,1649 781,1648 852,1647 924,1647 995,1645 1066,1645 1137,1643 1208,1641 1279,1641 1350,1639 1421,1637 1492,1637 1563,1637 1635,1637 1635,1588 1563,1588 1492,1588 1421,1588 1350,1590 1279,1592 1208,1592 1137,1594 1066,1596 995,1596 924,1598 852,1598 781,1599 710,1600 639,1600 568,1600 497,1602 426,1603 355,1603 284,1604 213,1604"/>
                <Baseline points="213,1637 284,1637 355,1636 426,1636 497,1635 568,1633 639,1633 710,1633 781,1632 852,1631 924,1631 995,1629 1066,1629 1137,1627 1208,1625 1279,1625 1350,1623 1421,1621 1492,1621 1563,1621 1635,1621"/>
                <TextEquiv>
                    <Unicode>doe je bij Oom Kees en Tante Dien in de v. Baerlestr. Zaterdags middags</Unicode>
                </TextEquiv>
            </TextLine>
            <TextLine id="tr_1_tl_20" custom="readingOrder {index:6;} person {offset:16; length:14;}">
                <Coords points="211,1721 279,1721 347,1719 415,1719 483,1717 552,1715 620,1715 688,1715 756,1715 824,1713 893,1714 961,1713 1029,1713 1097,1711 1165,1709 1234,1710 1302,1707 1370,1705 1438,1705 1506,1706 1575,1707 1575,1659 1506,1658 1438,1657 1370,1657 1302,1659 1234,1662 1165,1661 1097,1663 1029,1665 961,1665 893,1666 824,1665 756,1667 688,1667 620,1667 552,1667 483,1669 415,1671 347,1671 279,1673 211,1673"/>
                <Baseline points="211,1705 279,1705 347,1703 415,1703 483,1701 552,1699 620,1699 688,1699 756,1699 824,1697 893,1698 961,1697 1029,1697 1097,1695 1165,1693 1234,1694 1302,1691 1370,1689 1438,1689 1506,1690 1575,1691"/>
                <TextEquiv>
                    <Unicode>heb je Zang van Mevr. Schender en studeren jullie "goud muiltje" in.</Unicode>
                </TextEquiv>
            </TextLine>
            <TextLine id="tr_1_tl_21" custom="readingOrder {index:7;}">
                <Coords points="223,1779 293,1785 364,1785 435,1785 506,1783 577,1782 647,1783 718,1781 789,1781 860,1781 931,1779 1001,1778 1072,1777 1143,1776 1214,1775 1285,1773 1355,1773 1426,1771 1497,1773 1568,1772 1639,1773 1639,1725 1568,1724 1497,1725 1426,1723 1355,1725 1285,1725 1214,1727 1143,1728 1072,1729 1001,1730 931,1731 860,1733 789,1733 718,1733 647,1735 577,1734 506,1735 435,1737 364,1737 293,1737 223,1731"/>
                <Baseline points="223,1763 293,1769 364,1769 435,1769 506,1767 577,1766 647,1767 718,1765 789,1765 860,1765 931,1763 1001,1762 1072,1761 1143,1760 1214,1759 1285,1757 1355,1757 1426,1755 1497,1757 1568,1756 1639,1757"/>
                <TextEquiv>
                    <Unicode>'t Is juist iets voor jou, over elfen en heksen en kabouters. Jij leeft</Unicode>
                </TextEquiv>
            </TextLine>
            <TextLine id="tr_1_tl_22" custom="readingOrder {index:8;}">
                <Coords points="211,1856 246,1854 281,1852 316,1852 351,1852 387,1850 422,1850 457,1850 492,1850 527,1850 563,1849 598,1848 633,1848 668,1848 703,1848 739,1846 774,1847 809,1846 844,1846 879,1846 915,1846 915,1800 879,1800 844,1800 809,1800 774,1801 739,1800 703,1802 668,1802 633,1802 598,1802 563,1803 527,1804 492,1804 457,1804 422,1804 387,1804 351,1806 316,1806 281,1806 246,1808 211,1810"/>
                <Baseline points="211,1841 246,1839 281,1837 316,1837 351,1837 387,1835 422,1835 457,1835 492,1835 527,1835 563,1834 598,1833 633,1833 668,1833 703,1833 739,1831 774,1832 809,1831 844,1831 879,1831 915,1831"/>
                <TextEquiv>
                    <Unicode>nog steeds in een sprookjes wereld.</Unicode>
                </TextEquiv>
            </TextLine>
            <TextEquiv>
                <Unicode></Unicode>
            </TextEquiv>
        </TextRegion>
        <TextRegion id="r_170" custom="readingOrder {index:4;} structure {type:heading;}">
            <Coords points="203,1882 423,1882 423,1932 203,1932"/>
            <TextEquiv>
                <Unicode></Unicode>
            </TextEquiv>
        </TextRegion>
        <TextRegion id="r_2390" custom="readingOrder {index:5;} structure {type:paragraph;}">
            <Coords points="429,1868 416,1935 197,1955 199,1988 1639,1988 1639,1866"/>
            <TextLine id="tr_1_tl_23" custom="readingOrder {index:0;} date {offset:0; length:10;yyyy-mm-dd:194806;} date {offset:11; length:13;}">
                <Coords points="213,1924 282,1924 351,1921 420,1920 489,1916 558,1916 627,1914 696,1912 765,1912 834,1912 904,1910 973,1908 1042,1908 1111,1906 1180,1906 1249,1905 1318,1906 1387,1906 1456,1905 1525,1905 1595,1906 1595,1860 1525,1859 1456,1859 1387,1860 1318,1860 1249,1859 1180,1860 1111,1860 1042,1862 973,1862 904,1864 834,1866 765,1866 696,1866 627,1868 558,1870 489,1870 420,1874 351,1875 282,1878 213,1878"/>
                <Baseline points="213,1909 282,1909 351,1906 420,1905 489,1901 558,1901 627,1899 696,1897 765,1897 834,1897 904,1895 973,1893 1042,1893 1111,1891 1180,1891 1249,1890 1318,1891 1387,1891 1456,1890 1525,1890 1595,1891"/>
                <TextEquiv>
                    <Unicode>Juni 1948. j.l. Zaterdag was de uitvoering van "Goud muiltje". Je was</Unicode>
                </TextEquiv>
            </TextLine>
            <TextLine id="tr_1_tl_24" custom="readingOrder {index:1;}">
                <Coords points="215,1988 282,1987 349,1985 417,1984 484,1984 552,1983 619,1981 686,1980 754,1978 821,1977 889,1976 956,1976 1023,1976 1091,1974 1158,1976 1226,1974 1293,1974 1360,1974 1428,1974 1495,1972 1563,1972 1563,1926 1495,1926 1428,1928 1360,1928 1293,1928 1226,1928 1158,1930 1091,1928 1023,1930 956,1930 889,1930 821,1931 754,1932 686,1934 619,1935 552,1937 484,1938 417,1938 349,1939 282,1941 215,1942"/>
                <Baseline points="215,1973 282,1972 349,1970 417,1969 484,1969 552,1968 619,1966 686,1965 754,1963 821,1962 889,1961 956,1961 1023,1961 1091,1959 1158,1961 1226,1959 1293,1959 1360,1959 1428,1959 1495,1957 1563,1957"/>
                <TextEquiv>
                    <Unicode>er nerveus van. Alles slaagde uitstekend, alleen kwam je op met een</Unicode>
                </TextEquiv>
            </TextLine>
            <TextEquiv>
                <Unicode></Unicode>
            </TextEquiv>
        </TextRegion>
    </Page>
</PcGts>
