<?xml version="1.0" encoding="UTF-8" standalone="yes"?>
<PcGts xmlns="http://schema.primaresearch.org/PAGE/gts/pagecontent/2013-07-15" xmlns:xsi="http://www.w3.org/2001/XMLSchema-instance" xsi:schemaLocation="http://schema.primaresearch.org/PAGE/gts/pagecontent/2013-07-15 http://schema.primaresearch.org/PAGE/gts/pagecontent/2013-07-15/pagecontent.xsd">
    <Metadata>
        <Creator>Transkribus</Creator>
        <Created>2024-10-04T16:38:53.304+02:00</Created>
        <LastChange>2024-10-17T15:00:28.942+02:00</LastChange>
        <TranskribusMetadata docId="4508828" pageId="79709998" pageNr="70" tsid="194348750" status="IN_PROGRESS" userId="297214" imgUrl="https://files.transkribus.eu/Get?id=KKNYJUKRVPVZWCIIUCORVHNW&amp;fileType=view" xmlUrl="https://files.transkribus.eu/Get?id=FSYBTMTJMLEBGBTJYIITSNQE" imageId="65103835"/>
    </Metadata>
    <Page imageFilename="0070_NL-AsdNIOD_401_0161_0071.jpg" imageWidth="1713" imageHeight="2388">
        <ReadingOrder>
            <OrderedGroup id="ro_1729171049868" caption="Regions reading order">
                <RegionRefIndexed index="0" regionRef="r"/>
                <RegionRefIndexed index="1" regionRef="r_1458"/>
                <RegionRefIndexed index="2" regionRef="r_2620"/>
                <RegionRefIndexed index="3" regionRef="r_3591"/>
                <RegionRefIndexed index="4" regionRef="r_4252"/>
                <RegionRefIndexed index="5" regionRef="r_5087"/>
                <RegionRefIndexed index="6" regionRef="r_4766"/>
                <RegionRefIndexed index="7" regionRef="r_4767"/>
            </OrderedGroup>
        </ReadingOrder>
        <TextRegion id="r" custom="readingOrder {index:0;} structure {type:paragraph;}">
            <Coords points="216,319 216,723 1670,723 1670,319"/>
            <TextLine id="tr_1_tl_1" custom="readingOrder {index:0;}">
                <Coords points="798,370 823,371 849,372 874,372 900,371 926,368 926,319 900,322 874,323 849,323 823,322 798,321"/>
                <Baseline points="798,354 823,355 849,356 874,356 900,355 926,352"/>
                <TextEquiv>
                    <Unicode></Unicode>
                </TextEquiv>
            </TextLine>
            <TextLine id="tr_1_tl_2" custom="readingOrder {index:1;}">
                <Coords points="216,510 286,508 357,510 428,510 498,509 569,508 640,508 710,506 781,506 852,506 923,506 993,506 1064,506 1135,504 1205,504 1276,504 1347,502 1417,502 1488,502 1559,502 1630,502 1630,453 1559,453 1488,453 1417,453 1347,453 1276,455 1205,455 1135,455 1064,457 993,457 923,457 852,457 781,457 710,457 640,459 569,459 498,460 428,461 357,461 286,459 216,461"/>
                <Baseline points="216,494 286,492 357,494 428,494 498,493 569,492 640,492 710,490 781,490 852,490 923,490 993,490 1064,490 1135,488 1205,488 1276,488 1347,486 1417,486 1488,486 1559,486 1630,486"/>
                <TextEquiv>
                    <Unicode>vlecht met een eind los geraakte strik uit je kabouter pak en met alle</Unicode>
                </TextEquiv>
            </TextLine>
            <TextLine id="tr_1_tl_3" custom="readingOrder {index:2;}">
                <Coords points="222,578 290,578 358,576 426,577 494,576 562,576 630,574 698,574 766,574 834,574 903,572 971,572 1039,572 1107,572 1175,570 1243,570 1311,570 1379,570 1447,570 1515,569 1584,564 1584,516 1515,521 1447,522 1379,522 1311,522 1243,522 1175,522 1107,524 1039,524 971,524 903,524 834,526 766,526 698,526 630,526 562,528 494,528 426,529 358,528 290,530 222,530"/>
                <Baseline points="222,562 290,562 358,560 426,561 494,560 562,560 630,558 698,558 766,558 834,558 903,556 971,556 1039,556 1107,556 1175,554 1243,554 1311,554 1379,554 1447,554 1515,553 1584,548"/>
                <TextEquiv>
                    <Unicode>tien je vingers in je mond. En tijdens het zingen van de andere par-
</Unicode>
                </TextEquiv>
            </TextLine>
            <TextLine id="tr_1_tl_4" custom="readingOrder {index:3;}">
                <Coords points="220,646 287,644 354,644 421,644 488,642 556,642 623,641 690,642 757,640 824,641 892,640 959,640 1026,638 1093,638 1160,637 1228,638 1295,638 1362,638 1429,638 1496,637 1564,636 1564,588 1496,589 1429,590 1362,590 1295,590 1228,590 1160,589 1093,590 1026,590 959,592 892,592 824,593 757,592 690,594 623,593 556,594 488,594 421,596 354,596 287,596 220,598"/>
                <Baseline points="220,630 287,628 354,628 421,628 488,626 556,626 623,625 690,626 757,624 824,625 892,624 959,624 1026,622 1093,622 1160,621 1228,622 1295,622 1362,622 1429,622 1496,621 1564,620"/>
                <TextEquiv>
                    <Unicode>tijen, door de elf elvenkoningin en andere hoofdrollen, zag ik maar
</Unicode>
                </TextEquiv>
            </TextLine>
            <TextLine id="tr_1_tl_5" custom="readingOrder {index:4;}">
                <Coords points="220,712 270,710 320,710 370,710 420,710 471,710 521,710 571,710 621,708 671,708 722,708 772,708 822,708 872,707 922,706 973,706 1023,705 1073,704 1123,706 1173,705 1224,706 1224,658 1173,657 1123,658 1073,656 1023,657 973,658 922,658 872,659 822,660 772,660 722,660 671,660 621,660 571,662 521,662 471,662 420,662 370,662 320,662 270,662 220,664"/>
                <Baseline points="220,696 270,694 320,694 370,694 420,694 471,694 521,694 571,694 621,692 671,692 722,692 772,692 822,692 872,691 922,690 973,690 1023,689 1073,688 1123,690 1173,689 1224,690"/>
                <TextEquiv>
                    <Unicode>steeds je mond bewegen en deed je alle rollen mee.
</Unicode>
                </TextEquiv>
            </TextLine>
            <TextEquiv>
                <Unicode></Unicode>
            </TextEquiv>
        </TextRegion>
        <TextRegion id="r_1458" custom="readingOrder {index:1;} structure {type:paragraph;}">
            <Coords points="216,723 216,928 1670,928 1670,723"/>
            <TextLine id="tr_1_tl_6" custom="readingOrder {index:0;} date {offset:17; length:4;yyyy-mm-dd:1947-;} place {offset:40; length:6;}">
                <Coords points="318,777 380,775 443,775 505,775 568,775 630,773 693,773 755,775 818,773 880,773 943,773 1005,771 1068,771 1130,770 1193,770 1255,771 1318,770 1380,770 1443,769 1505,769 1568,769 1568,723 1505,723 1443,723 1380,724 1318,724 1255,725 1193,724 1130,724 1068,725 1005,725 943,727 880,727 818,727 755,729 693,727 630,727 568,729 505,729 443,729 380,729 318,731"/>
                <Baseline points="318,762 380,760 443,760 505,760 568,760 630,758 693,758 755,760 818,758 880,758 943,758 1005,756 1068,756 1130,755 1193,755 1255,756 1318,755 1380,755 1443,754 1505,754 1568,754"/>
                <TextEquiv>
                    <Unicode>We fietsen vanaf Dec. heen en weer naar school en gaan nu twee</Unicode>
                </TextEquiv>
            </TextLine>
            <TextLine id="tr_1_tl_7" custom="readingOrder {index:1;} place {offset:28; length:8;}">
                <Coords points="216,845 283,843 350,843 418,843 485,843 553,841 620,841 687,839 755,839 822,839 890,839 957,839 1024,839 1092,837 1159,837 1227,837 1294,837 1361,835 1429,836 1496,836 1564,841 1564,795 1496,790 1429,790 1361,789 1294,791 1227,791 1159,791 1092,791 1024,793 957,793 890,793 822,793 755,793 687,793 620,795 553,795 485,797 418,797 350,797 283,797 216,799"/>
                <Baseline points="216,830 283,828 350,828 418,828 485,828 553,826 620,826 687,824 755,824 822,824 890,824 957,824 1024,824 1092,822 1159,822 1227,822 1294,822 1361,820 1429,821 1496,821 1564,826"/>
                <TextEquiv>
                    <Unicode>maal per week zwemmen in de A.M.V.J. Je bent niets bang voor water,</Unicode>
                </TextEquiv>
            </TextLine>
            <TextLine id="tr_1_tl_8" custom="readingOrder {index:2;}">
                <Coords points="220,913 273,911 327,911 380,909 434,908 487,909 541,907 594,907 648,907 701,907 755,907 808,905 862,905 915,905 969,905 1022,905 1076,903 1129,903 1183,903 1236,903 1290,905 1290,859 1236,857 1183,857 1129,857 1076,857 1022,859 969,859 915,859 862,859 808,859 755,861 701,861 648,861 594,861 541,861 487,863 434,862 380,863 327,865 273,865 220,867"/>
                <Baseline points="220,898 273,896 327,896 380,894 434,893 487,894 541,892 594,892 648,892 701,892 755,892 808,890 862,890 915,890 969,890 1022,890 1076,888 1129,888 1183,888 1236,888 1290,890"/>
                <TextEquiv>
                    <Unicode>gaat met je kop er onder en zal het zeker gauw leren.
</Unicode>
                </TextEquiv>
            </TextLine>
            <TextEquiv>
                <Unicode></Unicode>
            </TextEquiv>
        </TextRegion>
        <TextRegion id="r_2620" custom="readingOrder {index:2;} structure {type:paragraph;}">
            <Coords points="216,928 216,1247 1670,1247 1670,928"/>
            <TextLine id="tr_1_tl_9" custom="readingOrder {index:0;} place {offset:3; length:7;}">
                <Coords points="324,975 388,975 452,973 516,973 580,973 645,973 709,973 773,973 837,971 901,971 966,971 1030,969 1094,969 1158,969 1222,969 1287,969 1351,969 1415,968 1479,967 1543,967 1608,969 1608,923 1543,921 1479,921 1415,922 1351,923 1287,923 1222,923 1158,923 1094,923 1030,923 966,925 901,925 837,925 773,927 709,927 645,927 580,927 516,927 452,927 388,929 324,929"/>
                <Baseline points="324,960 388,960 452,958 516,958 580,958 645,958 709,958 773,958 837,956 901,956 966,956 1030,954 1094,954 1158,954 1222,954 1287,954 1351,954 1415,953 1479,952 1543,952 1608,954"/>
                <TextEquiv>
                    <Unicode>Op school gaat het goed. Met rekenen moet je nog wat bij werken,</Unicode>
                </TextEquiv>
            </TextLine>
            <TextLine id="tr_1_tl_10" custom="readingOrder {index:1;} person {offset:53; length:14;}">
                <Coords points="224,1043 296,1041 368,1040 440,1039 513,1039 585,1039 657,1037 730,1038 802,1037 874,1037 947,1035 1019,1035 1091,1035 1163,1035 1236,1034 1308,1031 1380,1032 1453,1031 1525,1031 1597,1033 1670,1037 1670,991 1597,987 1525,985 1453,985 1380,986 1308,985 1236,988 1163,989 1091,989 1019,989 947,989 874,991 802,991 730,992 657,991 585,993 513,993 440,993 368,994 296,995 224,997"/>
                <Baseline points="224,1028 296,1026 368,1025 440,1024 513,1024 585,1024 657,1022 730,1023 802,1022 874,1022 947,1020 1019,1020 1091,1020 1163,1020 1236,1019 1308,1016 1380,1017 1453,1016 1525,1016 1597,1018 1670,1022"/>
                <TextEquiv>
                    <Unicode>maar de nieuwe tafels van 17 en 18 ken je prompt. De schooljuffrouw zei,</Unicode>
                </TextEquiv>
            </TextLine>
            <TextLine id="tr_1_tl_11" custom="readingOrder {index:2;}">
                <Coords points="220,1107 290,1107 361,1106 432,1105 502,1103 573,1104 644,1103 714,1103 785,1102 856,1103 927,1102 997,1101 1068,1101 1139,1099 1209,1099 1280,1099 1351,1097 1421,1097 1492,1097 1563,1097 1634,1099 1634,1053 1563,1051 1492,1051 1421,1051 1351,1051 1280,1053 1209,1053 1139,1053 1068,1055 997,1055 927,1056 856,1057 785,1056 714,1057 644,1057 573,1058 502,1057 432,1059 361,1060 290,1061 220,1061"/>
                <Baseline points="220,1092 290,1092 361,1091 432,1090 502,1088 573,1089 644,1088 714,1088 785,1087 856,1088 927,1087 997,1086 1068,1086 1139,1084 1209,1084 1280,1084 1351,1082 1421,1082 1492,1082 1563,1082 1634,1084"/>
                <TextEquiv>
                    <Unicode>dat je heel goed in taal was, dat je je zo goed uit drukte! 't Kan ook
</Unicode>
                </TextEquiv>
            </TextLine>
            <TextLine id="tr_1_tl_12" custom="readingOrder {index:3;}">
                <Coords points="220,1173 290,1171 361,1171 431,1171 502,1170 573,1169 643,1169 714,1169 784,1167 855,1167 926,1167 996,1167 1067,1167 1137,1165 1208,1165 1279,1165 1349,1163 1420,1163 1490,1163 1561,1163 1632,1163 1632,1117 1561,1117 1490,1117 1420,1117 1349,1117 1279,1119 1208,1119 1137,1119 1067,1121 996,1121 926,1121 855,1121 784,1121 714,1123 643,1123 573,1123 502,1124 431,1125 361,1125 290,1125 220,1127"/>
                <Baseline points="220,1158 290,1156 361,1156 431,1156 502,1155 573,1154 643,1154 714,1154 784,1152 855,1152 926,1152 996,1152 1067,1152 1137,1150 1208,1150 1279,1150 1349,1148 1420,1148 1490,1148 1561,1148 1632,1148"/>
                <TextEquiv>
                    <Unicode>niet anders want je leest alles, wat los en vast zit. Advertenties uit
</Unicode>
                </TextEquiv>
            </TextLine>
            <TextLine id="tr_1_tl_13" custom="readingOrder {index:4;}">
                <Coords points="222,1239 247,1239 273,1239 299,1239 324,1239 350,1239 376,1237 401,1237 427,1237 453,1237 478,1237 504,1237 530,1235 555,1237 581,1236 607,1235 632,1235 658,1235 684,1235 710,1237 710,1191 684,1189 658,1189 632,1189 607,1189 581,1190 555,1191 530,1189 504,1191 478,1191 453,1191 427,1191 401,1191 376,1191 350,1193 324,1193 299,1193 273,1193 247,1193 222,1193"/>
                <Baseline points="222,1224 247,1224 273,1224 299,1224 324,1224 350,1224 376,1222 401,1222 427,1222 453,1222 478,1222 504,1222 530,1220 555,1222 581,1221 607,1220 632,1220 658,1220 684,1220 710,1222"/>
                <TextEquiv>
                    <Unicode>de krant, alles - alles.
</Unicode>
                </TextEquiv>
            </TextLine>
            <TextEquiv>
                <Unicode></Unicode>
            </TextEquiv>
        </TextRegion>
        <TextRegion id="r_3591" custom="readingOrder {index:3;} structure {type:paragraph;}">
            <Coords points="216,1247 216,1458 1670,1458 1670,1247"/>
            <TextLine id="tr_1_tl_14" custom="readingOrder {index:0;} date {offset:3; length:5;yyyy-mm-dd:1948-03;} person {offset:33; length:8;} person {offset:45; length:12;}">
                <Coords points="326,1305 389,1303 452,1303 515,1303 578,1302 642,1301 705,1301 768,1301 831,1301 894,1301 958,1299 1021,1299 1084,1299 1147,1297 1210,1297 1274,1297 1337,1297 1400,1297 1463,1295 1526,1295 1590,1297 1590,1251 1526,1249 1463,1249 1400,1251 1337,1251 1274,1251 1210,1251 1147,1251 1084,1253 1021,1253 958,1253 894,1255 831,1255 768,1255 705,1255 642,1255 578,1256 515,1257 452,1257 389,1257 326,1259"/>
                <Baseline points="326,1290 389,1288 452,1288 515,1288 578,1287 642,1286 705,1286 768,1286 831,1286 894,1286 958,1284 1021,1284 1084,1284 1147,1282 1210,1282 1274,1282 1337,1282 1400,1282 1463,1280 1526,1280 1590,1282"/>
                <TextEquiv>
                    <Unicode>In Maart waren we tien dagen bij Oom Jaap en Tante Jannie Fritz</Unicode>
                </TextEquiv>
            </TextLine>
            <TextLine id="tr_1_tl_15" custom="readingOrder {index:1;} person {offset:15; length:8;} place {offset:38; length:11;}">
                <Coords points="226,1375 294,1371 363,1371 431,1371 500,1369 568,1369 637,1369 705,1368 774,1368 842,1367 911,1367 979,1365 1048,1365 1116,1365 1185,1363 1253,1363 1322,1363 1390,1363 1459,1362 1527,1361 1596,1363 1596,1317 1527,1315 1459,1316 1390,1317 1322,1317 1253,1317 1185,1317 1116,1319 1048,1319 979,1319 911,1321 842,1321 774,1322 705,1322 637,1323 568,1323 500,1323 431,1325 363,1325 294,1325 226,1329"/>
                <Baseline points="226,1360 294,1356 363,1356 431,1356 500,1354 568,1354 637,1354 705,1353 774,1353 842,1352 911,1352 979,1350 1048,1350 1116,1350 1185,1348 1253,1348 1322,1348 1390,1348 1459,1347 1527,1346 1596,1348"/>
                <TextEquiv>
                    <Unicode>in huis, omdat Tante J. juist uit het Ziekenhuis kwam en ik haar zou</Unicode>
                </TextEquiv>
            </TextLine>
            <TextLine id="tr_1_tl_16" custom="readingOrder {index:2;}">
                <Coords points="220,1440 245,1440 270,1440 295,1440 320,1440 345,1440 370,1442 370,1394 345,1392 320,1392 295,1392 270,1392 245,1392 220,1392"/>
                <Baseline points="220,1424 245,1424 270,1424 295,1424 320,1424 345,1424 370,1426"/>
                <TextEquiv>
                    <Unicode>helpen.
</Unicode>
                </TextEquiv>
            </TextLine>
            <TextEquiv>
                <Unicode></Unicode>
            </TextEquiv>
        </TextRegion>
        <TextRegion id="r_4252" custom="readingOrder {index:4;} structure {type:paragraph;}">
            <Coords points="216,1458 216,1654 1670,1654 1670,1458"/>
            <TextLine id="tr_1_tl_17" custom="readingOrder {index:0;} person {offset:50; length:12;}">
                <Coords points="224,1507 294,1505 364,1505 434,1503 505,1503 575,1503 645,1503 716,1502 786,1501 856,1501 927,1501 997,1499 1067,1499 1137,1498 1208,1497 1278,1497 1348,1496 1419,1495 1489,1496 1559,1496 1630,1499 1630,1453 1559,1450 1489,1450 1419,1449 1348,1450 1278,1451 1208,1451 1137,1452 1067,1453 997,1453 927,1455 856,1455 786,1455 716,1456 645,1457 575,1457 505,1457 434,1457 364,1459 294,1459 224,1461"/>
                <Baseline points="224,1492 294,1490 364,1490 434,1488 505,1488 575,1488 645,1488 716,1487 786,1486 856,1486 927,1486 997,1484 1067,1484 1137,1483 1208,1482 1278,1482 1348,1481 1419,1480 1489,1481 1559,1481 1630,1484"/>
                <TextEquiv>
                    <Unicode>Binnen kort zouden we er weer gaan logeren, omdat Tante Jannie ge ope-</Unicode>
                </TextEquiv>
            </TextLine>
            <TextLine id="tr_1_tl_18" custom="readingOrder {index:1;} date {offset:25; length:6;yyyy-mm-dd:1948-06-05;}">
                <Coords points="230,1574 299,1572 368,1572 437,1572 506,1572 575,1571 644,1570 713,1570 782,1570 851,1570 921,1570 990,1569 1059,1568 1128,1568 1197,1566 1266,1565 1335,1564 1404,1564 1473,1564 1542,1563 1612,1558 1612,1510 1542,1515 1473,1516 1404,1516 1335,1516 1266,1517 1197,1518 1128,1520 1059,1520 990,1521 921,1522 851,1522 782,1522 713,1522 644,1522 575,1523 506,1524 437,1524 368,1524 299,1524 230,1526"/>
                <Baseline points="230,1558 299,1556 368,1556 437,1556 506,1556 575,1555 644,1554 713,1554 782,1554 851,1554 921,1554 990,1553 1059,1552 1128,1552 1197,1550 1266,1549 1335,1548 1404,1548 1473,1548 1542,1547 1612,1542"/>
                <TextEquiv>
                    <Unicode>reerd moest worden, maar 5 Juni is ze (vijf uur nà de operatie) over-</Unicode>
                </TextEquiv>
            </TextLine>
            <TextLine id="tr_1_tl_19" custom="readingOrder {index:2;} person {offset:12; length:5;} person {offset:20; length:6;}">
                <Coords points="228,1642 255,1641 282,1640 309,1640 337,1640 364,1639 391,1638 419,1638 446,1638 473,1638 501,1638 528,1638 555,1638 582,1638 610,1638 637,1637 664,1637 692,1638 719,1638 746,1636 774,1636 774,1588 746,1588 719,1590 692,1590 664,1589 637,1589 610,1590 582,1590 555,1590 528,1590 501,1590 473,1590 446,1590 419,1590 391,1590 364,1591 337,1592 309,1592 282,1592 255,1593 228,1594"/>
                <Baseline points="228,1626 255,1625 282,1624 309,1624 337,1624 364,1623 391,1622 419,1622 446,1622 473,1622 501,1622 528,1622 555,1622 582,1622 610,1622 637,1621 664,1621 692,1622 719,1622 746,1620 774,1620"/>
                <TextEquiv>
                    <Unicode>leden. Arme Jaap en Jaapje!</Unicode>
                </TextEquiv>
            </TextLine>
            <TextEquiv>
                <Unicode></Unicode>
            </TextEquiv>
        </TextRegion>
        <TextRegion id="r_5087" custom="readingOrder {index:5;} structure {type:heading;}">
            <Coords points="223,1723 493,1720 492,1787 223,1790"/>
            <TextEquiv>
                <Unicode></Unicode>
            </TextEquiv>
        </TextRegion>
        <TextRegion id="r_4766" custom="readingOrder {index:6;} structure {type:paragraph;}">
            <Coords points="216,1654 216,1711 1670,1711 1670,1654"/>
            <TextLine id="tr_1_tl_20" custom="readingOrder {index:0;} person {offset:0; length:10;} date {offset:14; length:6;yyyy-mm-dd:1948-06-01;} person {offset:35; length:16;wikiData:Q2464950;}">
                <Coords points="326,1707 378,1703 430,1704 482,1705 535,1703 587,1703 639,1703 692,1703 744,1703 796,1703 849,1701 901,1701 953,1701 1005,1699 1058,1699 1110,1699 1162,1697 1215,1697 1267,1697 1319,1697 1372,1699 1372,1653 1319,1651 1267,1651 1215,1651 1162,1651 1110,1653 1058,1653 1005,1653 953,1655 901,1655 849,1655 796,1657 744,1657 692,1657 639,1657 587,1657 535,1657 482,1659 430,1658 378,1657 326,1661"/>
                <Baseline points="326,1692 378,1688 430,1689 482,1690 535,1688 587,1688 639,1688 692,1688 744,1688 796,1688 849,1686 901,1686 953,1686 1005,1684 1058,1684 1110,1684 1162,1682 1215,1682 1267,1682 1319,1682 1372,1684"/>
                <TextEquiv>
                    <Unicode>Tante Thea is 1 Juni hertrouwd met Herman Wisselink.</Unicode>
                </TextEquiv>
            </TextLine>
            <TextEquiv>
                <Unicode></Unicode>
            </TextEquiv>
        </TextRegion>
        <TextRegion id="r_4767" custom="readingOrder {index:7;} structure {type:paragraph;}">
            <Coords points="498,1714 500,1794 216,1796 216,1974 1670,1974 1670,1711"/>
            <TextLine id="tr_1_tl_21" custom="readingOrder {index:0;} date {offset:0; length:12;yyyy-mm-dd:1948-08-07;} person {offset:14; length:6;} date {offset:23; length:9;} place {offset:49; length:14;} place {offset:66; length:5; continued:true;}">
                <Coords points="232,1780 303,1776 374,1774 445,1770 516,1770 587,1768 658,1768 729,1768 800,1767 871,1766 943,1766 1014,1766 1085,1764 1156,1764 1227,1762 1298,1762 1369,1762 1440,1762 1511,1760 1582,1760 1654,1758 1654,1715 1582,1717 1511,1717 1440,1719 1369,1719 1298,1719 1227,1719 1156,1721 1085,1721 1014,1723 943,1723 871,1723 800,1724 729,1725 658,1725 587,1725 516,1727 445,1727 374,1731 303,1733 232,1737"/>
                <Baseline points="232,1766 303,1762 374,1760 445,1756 516,1756 587,1754 658,1754 729,1754 800,1753 871,1752 943,1752 1014,1752 1085,1750 1156,1750 1227,1748 1298,1748 1369,1748 1440,1748 1511,1746 1582,1746 1654,1744"/>
                <TextEquiv>
                    <Unicode>7 Sept. 1948. Mieke is eind Juli 10 dagen in een kinderpension in Noor-</Unicode>
                </TextEquiv>
            </TextLine>
            <TextLine id="tr_1_tl_22" custom="readingOrder {index:1;} place {offset:0; length:4; continued:true;}">
                <Coords points="232,1840 302,1840 372,1836 442,1837 512,1836 582,1834 652,1834 722,1834 792,1834 862,1832 932,1832 1002,1832 1072,1830 1142,1831 1212,1830 1282,1830 1352,1828 1422,1828 1492,1828 1562,1826 1632,1826 1632,1783 1562,1783 1492,1785 1422,1785 1352,1785 1282,1787 1212,1787 1142,1788 1072,1787 1002,1789 932,1789 862,1789 792,1791 722,1791 652,1791 582,1791 512,1793 442,1794 372,1793 302,1797 232,1797"/>
                <Baseline points="232,1826 302,1826 372,1822 442,1823 512,1822 582,1820 652,1820 722,1820 792,1820 862,1818 932,1818 1002,1818 1072,1816 1142,1817 1212,1816 1282,1816 1352,1814 1422,1814 1492,1814 1562,1812 1632,1812"/>
                <TextEquiv>
                    <Unicode>wijk geweest. Ze vond het er best. Had ruzie met de groote meisjes om-
</Unicode>
                </TextEquiv>
            </TextLine>
            <TextLine id="tr_1_tl_23" custom="readingOrder {index:2;}">
                <Coords points="230,1905 296,1905 362,1905 429,1903 495,1902 562,1901 628,1901 694,1899 761,1899 827,1900 894,1899 960,1899 1026,1897 1093,1897 1159,1896 1226,1897 1292,1895 1358,1894 1425,1895 1491,1893 1558,1893 1558,1847 1491,1847 1425,1849 1358,1848 1292,1849 1226,1851 1159,1850 1093,1851 1026,1851 960,1853 894,1853 827,1854 761,1853 694,1853 628,1855 562,1855 495,1856 429,1857 362,1859 296,1859 230,1859"/>
                <Baseline points="230,1890 296,1890 362,1890 429,1888 495,1887 562,1886 628,1886 694,1884 761,1884 827,1885 894,1884 960,1884 1026,1882 1093,1882 1159,1881 1226,1882 1292,1880 1358,1879 1425,1880 1491,1878 1558,1878"/>
                <TextEquiv>
                    <Unicode>dat ze een ander kind plaagden. Dat kind werd dus onmiddelijk haar</Unicode>
                </TextEquiv>
            </TextLine>
            <TextLine id="tr_1_tl_24" custom="readingOrder {index:3;}">
                <Coords points="232,1974 303,1972 375,1972 446,1970 518,1970 589,1968 661,1968 732,1966 804,1965 875,1964 947,1964 1018,1964 1090,1964 1161,1964 1233,1963 1304,1962 1376,1962 1447,1962 1519,1962 1590,1962 1662,1962 1662,1914 1590,1914 1519,1914 1447,1914 1376,1914 1304,1914 1233,1915 1161,1916 1090,1916 1018,1916 947,1916 875,1916 804,1917 732,1918 661,1920 589,1920 518,1922 446,1922 375,1924 303,1924 232,1926"/>
                <Baseline points="232,1958 303,1956 375,1956 446,1954 518,1954 589,1952 661,1952 732,1950 804,1949 875,1948 947,1948 1018,1948 1090,1948 1161,1948 1233,1947 1304,1946 1376,1946 1447,1946 1519,1946 1590,1946 1662,1946"/>
                <TextEquiv>
                    <Unicode>vriendinnetje en ze mochten samen naar de kamer van de kleintjes. Begin</Unicode>
                </TextEquiv>
            </TextLine>
            <TextEquiv>
                <Unicode></Unicode>
            </TextEquiv>
        </TextRegion>
    </Page>
</PcGts>
