<?xml version="1.0" encoding="UTF-8" standalone="yes"?>
<PcGts xmlns="http://schema.primaresearch.org/PAGE/gts/pagecontent/2013-07-15" xmlns:xsi="http://www.w3.org/2001/XMLSchema-instance" xsi:schemaLocation="http://schema.primaresearch.org/PAGE/gts/pagecontent/2013-07-15 http://schema.primaresearch.org/PAGE/gts/pagecontent/2013-07-15/pagecontent.xsd">
    <Metadata>
        <Creator>Transkribus</Creator>
        <Created>2024-10-04T16:38:53.713+02:00</Created>
        <LastChange>2024-10-17T14:43:56.244+02:00</LastChange>
        <TranskribusMetadata docId="4508828" pageId="79710000" pageNr="74" tsid="194340262" status="DONE" userId="297218" imgUrl="https://files.transkribus.eu/Get?id=UBFXIGPMBGRPMKJOMXNIEJKZ&amp;fileType=view" xmlUrl="https://files.transkribus.eu/Get?id=NLKZKZRDQQHLUQQQNMBIQPSS" imageId="65103873"/>
    </Metadata>
    <Page imageFilename="0074_NL-AsdNIOD_401_0161_0075.jpg" imageWidth="1701" imageHeight="2382">
        <ReadingOrder>
            <OrderedGroup id="ro_1729171049902" caption="Regions reading order">
                <RegionRefIndexed index="0" regionRef="r"/>
                <RegionRefIndexed index="1" regionRef="r_1282"/>
                <RegionRefIndexed index="2" regionRef="r_1283"/>
            </OrderedGroup>
        </ReadingOrder>
        <TextRegion id="r" custom="readingOrder {index:0;} structure {type:heading;}">
            <Coords points="212,315 212,722 1650,722 1650,315"/>
            <TextLine id="tr_1_tl_1" custom="readingOrder {index:0;}">
                <Coords points="870,374 903,372 936,370 936,315 903,317 870,319"/>
                <Baseline points="870,356 903,354 936,352"/>
                <TextEquiv>
                    <Unicode></Unicode>
                </TextEquiv>
            </TextLine>
            <TextLine id="tr_1_tl_2" custom="readingOrder {index:1;} date {offset:0; length:11;yyyy-mm-dd:1949-07-05;}">
                <Coords points="212,512 239,512 266,510 293,510 320,509 347,508 374,508 401,508 428,509 456,508 456,453 428,454 401,453 374,453 347,453 320,454 293,455 266,455 239,457 212,457"/>
                <Baseline points="212,494 239,494 266,492 293,492 320,491 347,490 374,490 401,490 428,491 456,490"/>
                <TextEquiv>
                    <Unicode>5 Juli 1949. 8½ jaar oud.</Unicode>
                </TextEquiv>
            </TextLine>
            <TextLine id="tr_1_tl_3" custom="readingOrder {index:2;}">
                <Coords points="774,512 799,510 825,510 850,510 876,510 902,509 927,508 953,510 978,510 1004,511 1030,512 1030,457 1004,456 978,455 953,455 927,453 902,454 876,455 850,455 825,455 799,455 774,457"/>
                <Baseline points="774,494 799,492 825,492 850,492 876,492 902,491 927,490 953,492 978,492 1004,493 1030,494"/>
                <TextEquiv>
                    <Unicode>De avonturen van twee zand korrels.</Unicode>
                </TextEquiv>
            </TextLine>
            <TextLine id="tr_1_tl_4" custom="readingOrder {index:3;}">
                <Coords points="552,640 587,640 622,640 658,640 693,640 729,640 764,640 799,642 835,641 870,640 906,640 941,640 976,640 1012,640 1047,640 1083,640 1118,642 1153,642 1189,642 1224,642 1260,640 1260,585 1224,587 1189,587 1153,587 1118,587 1083,585 1047,585 1012,585 976,585 941,585 906,585 870,585 835,586 799,587 764,585 729,585 693,585 658,585 622,585 587,585 552,585"/>
                <Baseline points="552,622 587,622 622,622 658,622 693,622 729,622 764,622 799,624 835,623 870,622 906,622 941,622 976,622 1012,622 1047,622 1083,622 1118,624 1153,624 1189,624 1224,624 1260,622"/>
                <TextEquiv>
                    <Unicode>——</Unicode>
                </TextEquiv>
            </TextLine>
            <TextEquiv>
                <Unicode></Unicode>
            </TextEquiv>
        </TextRegion>
        <TextRegion id="r_1282" custom="readingOrder {index:1;} structure {type:paragraph;}">
            <Coords points="212,722 212,1382 1650,1382 1650,722"/>
            <TextLine id="tr_1_tl_5" custom="readingOrder {index:0;}">
                <Coords points="312,834 377,833 443,835 508,835 574,835 640,834 705,834 771,834 836,835 902,836 968,836 1033,836 1099,836 1164,836 1230,836 1295,836 1361,836 1427,836 1492,836 1558,837 1624,836 1624,788 1558,789 1492,788 1427,788 1361,788 1295,788 1230,788 1164,788 1099,788 1033,788 968,788 902,788 836,787 771,786 705,786 640,786 574,787 508,787 443,787 377,785 312,786"/>
                <Baseline points="312,818 377,817 443,819 508,819 574,819 640,818 705,818 771,818 836,819 902,820 968,820 1033,820 1099,820 1164,820 1230,820 1295,820 1361,820 1427,820 1492,820 1558,821 1624,820"/>
                <TextEquiv>
                    <Unicode>We lagen op de grote bodem van de zee. Vele mooi gekleurde visjes</Unicode>
                </TextEquiv>
            </TextLine>
            <TextLine id="tr_1_tl_6" custom="readingOrder {index:1;}">
                <Coords points="218,902 285,900 353,901 420,900 488,900 556,900 623,901 691,902 758,900 826,902 894,901 961,902 1029,902 1096,902 1164,901 1231,902 1299,902 1367,901 1434,902 1502,902 1570,904 1570,856 1502,854 1434,854 1367,853 1299,854 1231,854 1164,853 1096,854 1029,854 961,854 894,853 826,854 758,852 691,854 623,853 556,852 488,852 420,852 353,853 285,852 218,854"/>
                <Baseline points="218,886 285,884 353,885 420,884 488,884 556,884 623,885 691,886 758,884 826,886 894,885 961,886 1029,886 1096,886 1164,885 1231,886 1299,886 1367,885 1434,886 1502,886 1570,888"/>
                <TextEquiv>
                    <Unicode>zwommen over ons heen. Maar eens - brak er een wilde storm los. Het
</Unicode>
                </TextEquiv>
            </TextLine>
            <TextLine id="tr_1_tl_7" custom="readingOrder {index:2;}">
                <Coords points="216,970 287,968 359,968 431,968 502,968 574,968 646,968 717,968 789,970 861,969 933,970 1004,969 1076,969 1148,970 1219,969 1291,968 1363,970 1434,968 1506,970 1578,969 1650,972 1650,924 1578,921 1506,922 1434,920 1363,922 1291,920 1219,921 1148,922 1076,921 1004,921 933,922 861,921 789,922 717,920 646,920 574,920 502,920 431,920 359,920 287,920 216,922"/>
                <Baseline points="216,954 287,952 359,952 431,952 502,952 574,952 646,952 717,952 789,954 861,953 933,954 1004,953 1076,953 1148,954 1219,953 1291,952 1363,954 1434,952 1506,954 1578,953 1650,956"/>
                <TextEquiv>
                    <Unicode>sleurde ons hoog het water in en daar gingen wij - en waar wij zweefden</Unicode>
                </TextEquiv>
            </TextLine>
            <TextLine id="tr_1_tl_8" custom="readingOrder {index:3;}">
                <Coords points="216,1036 282,1034 349,1035 416,1035 482,1034 549,1036 616,1035 682,1035 749,1036 816,1036 883,1036 949,1035 1016,1036 1083,1036 1149,1036 1216,1035 1283,1036 1349,1036 1416,1036 1483,1036 1550,1042 1550,994 1483,988 1416,988 1349,988 1283,988 1216,987 1149,988 1083,988 1016,988 949,987 883,988 816,988 749,988 682,987 616,987 549,988 482,986 416,987 349,987 282,986 216,988"/>
                <Baseline points="216,1020 282,1018 349,1019 416,1019 482,1018 549,1020 616,1019 682,1019 749,1020 816,1020 883,1020 949,1019 1016,1020 1083,1020 1149,1020 1216,1019 1283,1020 1349,1020 1416,1020 1483,1020 1550,1026"/>
                <TextEquiv>
                    <Unicode>werd het lang zamer hand kaler. En nog één nachtje, toen waren wij
</Unicode>
                </TextEquiv>
            </TextLine>
            <TextLine id="tr_1_tl_9" custom="readingOrder {index:4;}">
                <Coords points="216,1104 285,1101 354,1102 423,1102 492,1102 562,1102 631,1102 700,1102 769,1102 838,1101 908,1102 977,1102 1046,1101 1115,1102 1184,1101 1254,1102 1323,1102 1392,1102 1461,1102 1530,1102 1600,1104 1600,1056 1530,1054 1461,1054 1392,1054 1323,1054 1254,1054 1184,1053 1115,1054 1046,1053 977,1054 908,1054 838,1053 769,1054 700,1054 631,1054 562,1054 492,1054 423,1054 354,1054 285,1053 216,1056"/>
                <Baseline points="216,1088 285,1085 354,1086 423,1086 492,1086 562,1086 631,1086 700,1086 769,1086 838,1085 908,1086 977,1086 1046,1085 1115,1086 1184,1085 1254,1086 1323,1086 1392,1086 1461,1086 1530,1086 1600,1088"/>
                <TextEquiv>
                    <Unicode>vlak bij het strand en de zon scheen fel in het water en hier en daar
</Unicode>
                </TextEquiv>
            </TextLine>
            <TextLine id="tr_1_tl_10" custom="readingOrder {index:5;}">
                <Coords points="216,1170 286,1169 356,1169 426,1170 496,1168 567,1168 637,1168 707,1168 777,1168 847,1168 918,1168 988,1168 1058,1168 1128,1168 1198,1168 1269,1170 1339,1168 1409,1168 1479,1168 1549,1171 1620,1172 1620,1124 1549,1123 1479,1120 1409,1120 1339,1120 1269,1122 1198,1120 1128,1120 1058,1120 988,1120 918,1120 847,1120 777,1120 707,1120 637,1120 567,1120 496,1120 426,1122 356,1121 286,1121 216,1122"/>
                <Baseline points="216,1154 286,1153 356,1153 426,1154 496,1152 567,1152 637,1152 707,1152 777,1152 847,1152 918,1152 988,1152 1058,1152 1128,1152 1198,1152 1269,1154 1339,1152 1409,1152 1479,1152 1549,1155 1620,1156"/>
                <TextEquiv>
                    <Unicode>zwom er een garnaal en toen nog één dikke windvlaag en dàar lagen wij.
</Unicode>
                </TextEquiv>
            </TextLine>
            <TextLine id="tr_1_tl_11" custom="readingOrder {index:6;}">
                <Coords points="216,1236 285,1235 355,1234 424,1234 494,1233 564,1234 633,1234 703,1234 772,1235 842,1234 912,1234 981,1234 1051,1236 1120,1234 1190,1235 1260,1234 1329,1234 1399,1236 1468,1236 1538,1236 1608,1236 1608,1188 1538,1188 1468,1188 1399,1188 1329,1186 1260,1186 1190,1187 1120,1186 1051,1188 981,1186 912,1186 842,1186 772,1187 703,1186 633,1186 564,1186 494,1185 424,1186 355,1186 285,1187 216,1188"/>
                <Baseline points="216,1220 285,1219 355,1218 424,1218 494,1217 564,1218 633,1218 703,1218 772,1219 842,1218 912,1218 981,1218 1051,1220 1120,1218 1190,1219 1260,1218 1329,1218 1399,1220 1468,1220 1538,1220 1608,1220"/>
                <TextEquiv>
                    <Unicode>Op het strand stonden vele badstoelen en het weer begon lang zaam aan
</Unicode>
                </TextEquiv>
            </TextLine>
            <TextLine id="tr_1_tl_12" custom="readingOrder {index:7;}">
                <Coords points="218,1304 285,1302 353,1301 420,1301 488,1302 556,1301 623,1301 691,1302 758,1300 826,1301 894,1302 961,1302 1029,1300 1096,1300 1164,1301 1231,1302 1299,1300 1367,1302 1434,1302 1502,1302 1570,1304 1570,1255 1502,1253 1434,1253 1367,1253 1299,1251 1231,1253 1164,1252 1096,1251 1029,1251 961,1253 894,1253 826,1252 758,1251 691,1253 623,1252 556,1252 488,1253 420,1252 353,1252 285,1253 218,1255"/>
                <Baseline points="218,1288 285,1286 353,1285 420,1285 488,1286 556,1285 623,1285 691,1286 758,1284 826,1285 894,1286 961,1286 1029,1284 1096,1284 1164,1285 1231,1286 1299,1284 1367,1286 1434,1286 1502,1286 1570,1288"/>
                <TextEquiv>
                    <Unicode>weer mooi te worden. (Hier zei ik: "maar het was toch mooi, want de
</Unicode>
                </TextEquiv>
            </TextLine>
            <TextLine id="tr_1_tl_13" custom="readingOrder {index:8;}">
                <Coords points="216,1372 281,1369 346,1370 412,1370 477,1370 543,1368 608,1368 673,1369 739,1370 804,1368 870,1368 935,1369 1000,1368 1066,1368 1131,1368 1197,1370 1262,1369 1327,1369 1393,1370 1458,1370 1524,1370 1524,1321 1458,1321 1393,1321 1327,1320 1262,1320 1197,1321 1131,1319 1066,1319 1000,1319 935,1320 870,1319 804,1319 739,1321 673,1320 608,1319 543,1319 477,1321 412,1321 346,1321 281,1320 216,1323"/>
                <Baseline points="216,1356 281,1353 346,1354 412,1354 477,1354 543,1352 608,1352 673,1353 739,1354 804,1352 870,1352 935,1353 1000,1352 1066,1352 1131,1352 1197,1354 1262,1353 1327,1353 1393,1354 1458,1354 1524,1354"/>
                <TextEquiv>
                    <Unicode>zon scheen". "Ja maar, er was toch een storm wind", antwoorde je</Unicode>
                </TextEquiv>
            </TextLine>
            <TextEquiv>
                <Unicode></Unicode>
            </TextEquiv>
        </TextRegion>
        <TextRegion id="r_1283" custom="readingOrder {index:2;} structure {type:paragraph;}">
            <Coords points="212,1382 212,1969 1650,1969 1650,1382"/>
            <TextLine id="tr_1_tl_14" custom="readingOrder {index:0;}">
                <Coords points="314,1434 378,1434 442,1436 506,1435 571,1435 635,1436 699,1436 764,1434 828,1434 892,1436 957,1435 1021,1434 1085,1435 1149,1436 1214,1434 1278,1436 1342,1434 1407,1435 1471,1435 1535,1435 1600,1436 1600,1388 1535,1387 1471,1387 1407,1387 1342,1386 1278,1388 1214,1386 1149,1388 1085,1387 1021,1386 957,1387 892,1388 828,1386 764,1386 699,1388 635,1388 571,1387 506,1387 442,1388 378,1386 314,1386"/>
                <Baseline points="314,1418 378,1418 442,1420 506,1419 571,1419 635,1420 699,1420 764,1418 828,1418 892,1420 957,1419 1021,1418 1085,1419 1149,1420 1214,1418 1278,1420 1342,1418 1407,1419 1471,1419 1535,1419 1600,1420"/>
                <TextEquiv>
                    <Unicode>We knipperden met onze oogjes voor de zon en bijna waren we weer
</Unicode>
                </TextEquiv>
            </TextLine>
            <TextLine id="tr_1_tl_15" custom="readingOrder {index:1;}">
                <Coords points="216,1503 284,1502 353,1502 421,1501 490,1501 558,1501 627,1501 695,1501 764,1501 832,1501 901,1501 969,1501 1038,1500 1106,1501 1175,1501 1243,1499 1312,1499 1380,1499 1449,1501 1517,1500 1586,1503 1586,1457 1517,1454 1449,1455 1380,1453 1312,1453 1243,1453 1175,1455 1106,1455 1038,1454 969,1455 901,1455 832,1455 764,1455 695,1455 627,1455 558,1455 490,1455 421,1455 353,1456 284,1456 216,1457"/>
                <Baseline points="216,1488 284,1487 353,1487 421,1486 490,1486 558,1486 627,1486 695,1486 764,1486 832,1486 901,1486 969,1486 1038,1485 1106,1486 1175,1486 1243,1484 1312,1484 1380,1484 1449,1486 1517,1485 1586,1488"/>
                <TextEquiv>
                    <Unicode>weg gespoeld door een golf, die probeerde, het eind nat strand, waar
</Unicode>
                </TextEquiv>
            </TextLine>
            <TextLine id="tr_1_tl_16" custom="readingOrder {index:2;}">
                <Coords points="220,1567 287,1567 355,1567 422,1567 490,1567 557,1567 625,1567 692,1566 760,1567 827,1567 895,1566 962,1566 1030,1567 1097,1565 1165,1567 1232,1566 1300,1567 1367,1567 1435,1567 1502,1567 1570,1567 1570,1521 1502,1521 1435,1521 1367,1521 1300,1521 1232,1520 1165,1521 1097,1519 1030,1521 962,1520 895,1520 827,1521 760,1521 692,1520 625,1521 557,1521 490,1521 422,1521 355,1521 287,1521 220,1521"/>
                <Baseline points="220,1552 287,1552 355,1552 422,1552 490,1552 557,1552 625,1552 692,1551 760,1552 827,1552 895,1551 962,1551 1030,1552 1097,1550 1165,1552 1232,1551 1300,1552 1367,1552 1435,1552 1502,1552 1570,1552"/>
                <TextEquiv>
                    <Unicode>wij lagen, te bereiken. Maar juist op dàt ogenblik, kwam een kindje
</Unicode>
                </TextEquiv>
            </TextLine>
            <TextLine id="tr_1_tl_17" custom="readingOrder {index:3;}">
                <Coords points="216,1635 283,1633 350,1633 418,1635 485,1633 552,1633 620,1633 687,1635 754,1633 822,1634 889,1633 956,1633 1024,1633 1091,1633 1158,1633 1226,1631 1293,1633 1360,1633 1428,1633 1495,1633 1563,1632 1563,1586 1495,1587 1428,1587 1360,1587 1293,1587 1226,1585 1158,1587 1091,1587 1024,1587 956,1587 889,1587 822,1588 754,1587 687,1589 620,1587 552,1587 485,1587 418,1589 350,1587 283,1587 216,1589"/>
                <Baseline points="216,1620 283,1618 350,1618 418,1620 485,1618 552,1618 620,1618 687,1620 754,1618 822,1619 889,1618 956,1618 1024,1618 1091,1618 1158,1618 1226,1616 1293,1618 1360,1618 1428,1618 1495,1618 1563,1617"/>
                <TextEquiv>
                    <Unicode>met een emmertje aan dragen en schepte er ons in op met vele andere
</Unicode>
                </TextEquiv>
            </TextLine>
            <TextLine id="tr_1_tl_18" custom="readingOrder {index:4;}">
                <Coords points="216,1703 287,1699 358,1699 429,1699 500,1701 572,1699 643,1699 714,1699 785,1699 856,1699 928,1699 999,1699 1070,1699 1141,1697 1212,1697 1284,1697 1355,1698 1426,1697 1497,1699 1568,1699 1640,1699 1640,1654 1568,1654 1497,1654 1426,1652 1355,1653 1284,1652 1212,1652 1141,1652 1070,1654 999,1654 928,1654 856,1654 785,1654 714,1654 643,1654 572,1654 500,1656 429,1654 358,1654 287,1654 216,1658"/>
                <Baseline points="216,1688 287,1684 358,1684 429,1684 500,1686 572,1684 643,1684 714,1684 785,1684 856,1684 928,1684 999,1684 1070,1684 1141,1682 1212,1682 1284,1682 1355,1683 1426,1682 1497,1684 1568,1684 1640,1684"/>
                <TextEquiv>
                    <Unicode>korrels. En toen zei ze tegen haar moeder, dat ze taartjes ging bakken.
</Unicode>
                </TextEquiv>
            </TextLine>
            <TextLine id="tr_1_tl_19" custom="readingOrder {index:5;}">
                <Coords points="216,1765 286,1765 356,1765 427,1765 497,1765 568,1765 638,1763 708,1763 779,1765 849,1765 920,1765 990,1763 1060,1763 1131,1763 1201,1763 1272,1765 1342,1764 1412,1763 1483,1763 1553,1763 1624,1765 1624,1720 1553,1718 1483,1718 1412,1718 1342,1719 1272,1720 1201,1718 1131,1718 1060,1718 990,1718 920,1720 849,1720 779,1720 708,1718 638,1718 568,1720 497,1720 427,1720 356,1720 286,1720 216,1720"/>
                <Baseline points="216,1750 286,1750 356,1750 427,1750 497,1750 568,1750 638,1748 708,1748 779,1750 849,1750 920,1750 990,1748 1060,1748 1131,1748 1201,1748 1272,1750 1342,1749 1412,1748 1483,1748 1553,1748 1624,1750"/>
                <TextEquiv>
                    <Unicode>Wij wisten niet, wat dat voor een taartje zou zijn, wij zouden ze niet</Unicode>
                </TextEquiv>
            </TextLine>
            <TextLine id="tr_1_tl_20" custom="readingOrder {index:6;}">
                <Coords points="216,1836 285,1832 355,1832 425,1833 494,1834 564,1832 634,1832 703,1832 773,1832 843,1833 913,1832 982,1832 1052,1831 1122,1831 1191,1830 1261,1830 1331,1832 1400,1830 1470,1830 1540,1830 1610,1830 1610,1782 1540,1782 1470,1782 1400,1782 1331,1784 1261,1782 1191,1782 1122,1783 1052,1783 982,1784 913,1784 843,1785 773,1784 703,1784 634,1784 564,1784 494,1786 425,1785 355,1784 285,1784 216,1788"/>
                <Baseline points="216,1820 285,1816 355,1816 425,1817 494,1818 564,1816 634,1816 703,1816 773,1816 843,1817 913,1816 982,1816 1052,1815 1122,1815 1191,1814 1261,1814 1331,1816 1400,1814 1470,1814 1540,1814 1610,1814"/>
                <TextEquiv>
                    <Unicode>lusten! En toen ze taartjes ging bakken, lagen wij vlak op de voorste</Unicode>
                </TextEquiv>
            </TextLine>
            <TextLine id="tr_1_tl_21" custom="readingOrder {index:7;}">
                <Coords points="218,1903 285,1901 353,1900 420,1900 488,1899 555,1899 623,1898 690,1898 758,1899 825,1899 893,1897 960,1896 1028,1897 1095,1897 1163,1896 1230,1896 1298,1897 1365,1897 1433,1898 1500,1899 1568,1899 1568,1853 1500,1853 1433,1852 1365,1851 1298,1851 1230,1850 1163,1850 1095,1851 1028,1851 960,1850 893,1851 825,1853 758,1853 690,1852 623,1852 555,1853 488,1853 420,1854 353,1854 285,1855 218,1857"/>
                <Baseline points="218,1888 285,1886 353,1885 420,1885 488,1884 555,1884 623,1883 690,1883 758,1884 825,1884 893,1882 960,1881 1028,1882 1095,1882 1163,1881 1230,1881 1298,1882 1365,1882 1433,1883 1500,1884 1568,1884"/>
                <TextEquiv>
                    <Unicode>rand en toen ze haar handje erop deed, om het mooi glad te krijgen,</Unicode>
                </TextEquiv>
            </TextLine>
            <TextLine id="tr_1_tl_22" custom="readingOrder {index:8;}">
                <Coords points="218,1969 285,1967 352,1967 420,1967 487,1967 555,1967 622,1965 689,1965 757,1965 824,1965 892,1963 959,1963 1026,1963 1094,1962 1161,1962 1229,1963 1296,1963 1363,1963 1431,1964 1498,1963 1566,1963 1566,1917 1498,1917 1431,1918 1363,1917 1296,1917 1229,1917 1161,1916 1094,1916 1026,1917 959,1917 892,1917 824,1919 757,1919 689,1919 622,1919 555,1921 487,1921 420,1921 352,1921 285,1921 218,1923"/>
                <Baseline points="218,1954 285,1952 352,1952 420,1952 487,1952 555,1952 622,1950 689,1950 757,1950 824,1950 892,1948 959,1948 1026,1948 1094,1947 1161,1947 1229,1948 1296,1948 1363,1948 1431,1949 1498,1948 1566,1948"/>
                <TextEquiv>
                    <Unicode>kleefden wij eraan vast. Wel klopte Moeder haar handjes af, toen ze</Unicode>
                </TextEquiv>
            </TextLine>
            <TextEquiv>
                <Unicode></Unicode>
            </TextEquiv>
        </TextRegion>
    </Page>
</PcGts>
