<?xml version="1.0" encoding="UTF-8" standalone="yes"?>
<PcGts xmlns="http://schema.primaresearch.org/PAGE/gts/pagecontent/2013-07-15" xmlns:xsi="http://www.w3.org/2001/XMLSchema-instance" xsi:schemaLocation="http://schema.primaresearch.org/PAGE/gts/pagecontent/2013-07-15 http://schema.primaresearch.org/PAGE/gts/pagecontent/2013-07-15/pagecontent.xsd">
    <Metadata>
        <Creator>Transkribus</Creator>
        <Created>2024-10-04T16:38:53.817+02:00</Created>
        <LastChange>2024-10-17T15:15:57.331+02:00</LastChange>
        <TranskribusMetadata docId="4508828" pageId="79709983" pageNr="75" tsid="194354112" status="DONE" userId="297221" imgUrl="https://files.transkribus.eu/Get?id=VLDUWZGCBJGFBJZXXYZHIRGG&amp;fileType=view" xmlUrl="https://files.transkribus.eu/Get?id=FTQDCKOPJDUCQQXGUFANBSUQ" imageId="65103874"/>
    </Metadata>
    <Page imageFilename="0075_NL-AsdNIOD_401_0161_0076.jpg" imageWidth="1709" imageHeight="2384">
        <ReadingOrder>
            <OrderedGroup id="ro_1729171049911" caption="Regions reading order">
                <RegionRefIndexed index="0" regionRef="r"/>
                <RegionRefIndexed index="1" regionRef="r_1680"/>
                <RegionRefIndexed index="2" regionRef="r_2903"/>
                <RegionRefIndexed index="3" regionRef="r_3765"/>
                <RegionRefIndexed index="4" regionRef="r_3766"/>
            </OrderedGroup>
        </ReadingOrder>
        <TextRegion id="r" custom="readingOrder {index:0;} structure {type:paragraph;}">
            <Coords points="212,315 212,641 1664,641 1664,315"/>
            <TextLine id="tr_1_tl_1" custom="readingOrder {index:0;}">
                <Coords points="826,364 861,371 897,374 897,325 861,322 826,315"/>
                <Baseline points="826,348 861,355 897,358"/>
                <TextEquiv>
                    <Unicode></Unicode>
                </TextEquiv>
            </TextLine>
            <TextLine id="tr_1_tl_2" custom="readingOrder {index:1;} structure {type:paragraph;} place {offset:5; length:9;wikiData:Q727;}">
                <Coords points="216,505 286,503 356,503 427,503 497,503 568,503 638,501 708,502 779,501 849,501 920,500 990,499 1060,499 1131,498 1201,499 1272,497 1342,497 1412,497 1483,495 1553,496 1624,497 1624,451 1553,450 1483,449 1412,451 1342,451 1272,451 1201,453 1131,452 1060,453 990,453 920,454 849,455 779,455 708,456 638,455 568,457 497,457 427,457 356,457 286,457 216,459"/>
                <Baseline points="216,490 286,488 356,488 427,488 497,488 568,488 638,486 708,487 779,486 849,486 920,485 990,484 1060,484 1131,483 1201,484 1272,482 1342,482 1412,482 1483,480 1553,481 1624,482"/>
                <TextEquiv>
                    <Unicode>naar Amsterdam gingen, maar wij twee-tjes bleven er toch nog aan. En O</Unicode>
                </TextEquiv>
            </TextLine>
            <TextLine id="tr_1_tl_3" custom="readingOrder {index:2;}">
                <Coords points="212,571 281,569 351,567 421,569 491,569 561,569 631,567 701,567 771,567 841,567 911,566 980,565 1050,565 1120,565 1190,565 1260,565 1330,563 1400,563 1470,562 1540,563 1610,565 1610,519 1540,517 1470,516 1400,517 1330,517 1260,519 1190,519 1120,519 1050,519 980,519 911,520 841,521 771,521 701,521 631,521 561,523 491,523 421,523 351,521 281,523 212,525"/>
                <Baseline points="212,556 281,554 351,552 421,554 491,554 561,554 631,552 701,552 771,552 841,552 911,551 980,550 1050,550 1120,550 1190,550 1260,550 1330,548 1400,548 1470,547 1540,548 1610,550"/>
                <TextEquiv>
                    <Unicode>wat hadden wij veel te zien voor onze kleine oogjes, die altijd in de
</Unicode>
                </TextEquiv>
            </TextLine>
            <TextLine id="tr_1_tl_4" custom="readingOrder {index:3;}">
                <Coords points="220,638 246,638 272,638 298,639 324,639 350,638 376,638 402,636 428,638 454,636 480,636 506,636 532,638 558,642 558,593 532,589 506,587 480,587 454,587 428,589 402,587 376,589 350,589 324,590 298,590 272,589 246,589 220,589"/>
                <Baseline points="220,622 246,622 272,622 298,623 324,623 350,622 376,622 402,620 428,622 454,620 480,620 506,620 532,622 558,626"/>
                <TextEquiv>
                    <Unicode>zee gewend waren.
</Unicode>
                </TextEquiv>
            </TextLine>
            <TextEquiv>
                <Unicode></Unicode>
            </TextEquiv>
        </TextRegion>
        <TextRegion id="r_1680" custom="readingOrder {index:1;} structure {type:paragraph;}">
            <Coords points="212,641 212,1044 1664,1044 1664,641"/>
            <TextLine id="tr_1_tl_5" custom="readingOrder {index:0;}">
                <Coords points="312,708 377,704 443,704 508,704 574,704 640,702 705,700 771,700 836,700 902,700 968,700 1033,698 1099,698 1164,698 1230,698 1295,698 1361,698 1427,696 1492,696 1558,698 1624,696 1624,647 1558,649 1492,647 1427,647 1361,649 1295,649 1230,649 1164,649 1099,649 1033,649 968,651 902,651 836,651 771,651 705,651 640,653 574,655 508,655 443,655 377,655 312,659"/>
                <Baseline points="312,692 377,688 443,688 508,688 574,688 640,686 705,684 771,684 836,684 902,684 968,684 1033,682 1099,682 1164,682 1230,682 1295,682 1361,682 1427,680 1492,680 1558,682 1624,680"/>
                <TextEquiv>
                    <Unicode>Eerst ging die Moeder met haar kind in een autobus en toen in een
</Unicode>
                </TextEquiv>
            </TextLine>
            <TextLine id="tr_1_tl_6" custom="readingOrder {index:1;} place {offset:59; length:9;wikiData:Q727;}">
                <Coords points="216,771 284,771 353,771 422,769 490,769 559,769 628,767 696,767 765,767 834,767 903,767 971,765 1040,765 1109,763 1177,763 1246,763 1315,763 1383,763 1452,761 1521,761 1590,763 1590,717 1521,715 1452,715 1383,717 1315,717 1246,717 1177,717 1109,717 1040,719 971,719 903,721 834,721 765,721 696,721 628,721 559,723 490,723 422,723 353,725 284,725 216,725"/>
                <Baseline points="216,756 284,756 353,756 422,754 490,754 559,754 628,752 696,752 765,752 834,752 903,752 971,750 1040,750 1109,748 1177,748 1246,748 1315,748 1383,748 1452,746 1521,746 1590,748"/>
                <TextEquiv>
                    <Unicode>trein en toen kwamen we eindelijk op dat drukke perron van Amsterdam</Unicode>
                </TextEquiv>
            </TextLine>
            <TextLine id="tr_1_tl_7" custom="readingOrder {index:2;}">
                <Coords points="216,841 284,838 353,839 421,837 490,837 559,836 627,835 696,833 764,833 833,833 902,831 970,831 1039,831 1107,829 1176,829 1245,829 1313,829 1382,829 1450,828 1519,827 1588,829 1588,783 1519,781 1450,782 1382,783 1313,783 1245,783 1176,783 1107,783 1039,785 970,785 902,785 833,787 764,787 696,787 627,789 559,790 490,791 421,791 353,793 284,792 216,795"/>
                <Baseline points="216,826 284,823 353,824 421,822 490,822 559,821 627,820 696,818 764,818 833,818 902,816 970,816 1039,816 1107,814 1176,814 1245,814 1313,814 1382,814 1450,813 1519,812 1588,814"/>
                <TextEquiv>
                    <Unicode>zelf. Tjonge, tjonge, wat was het daar druk! Gekke walvissen rae-den
</Unicode>
                </TextEquiv>
            </TextLine>
            <TextLine id="tr_1_tl_8" custom="readingOrder {index:3;}">
                <Coords points="216,905 285,905 355,905 424,905 494,905 563,903 633,902 702,901 772,901 841,901 911,899 980,899 1050,897 1119,897 1189,897 1258,897 1328,897 1397,895 1467,895 1536,895 1606,895 1606,849 1536,849 1467,849 1397,849 1328,851 1258,851 1189,851 1119,851 1050,851 980,853 911,853 841,855 772,855 702,855 633,856 563,857 494,859 424,859 355,859 285,859 216,859"/>
                <Baseline points="216,890 285,890 355,890 424,890 494,890 563,888 633,887 702,886 772,886 841,886 911,884 980,884 1050,882 1119,882 1189,882 1258,882 1328,882 1397,880 1467,880 1536,880 1606,880"/>
                <TextEquiv>
                    <Unicode>voorbij, waar gekke ronde dingen onder waren en ook snoekjes met twee
</Unicode>
                </TextEquiv>
            </TextLine>
            <TextLine id="tr_1_tl_9" custom="readingOrder {index:4;}">
                <Coords points="220,974 284,972 348,972 412,972 477,972 541,972 605,970 670,970 734,970 798,969 863,970 927,968 991,966 1055,966 1120,964 1184,964 1248,964 1313,964 1377,964 1441,964 1506,966 1506,918 1441,916 1377,916 1313,916 1248,916 1184,916 1120,916 1055,918 991,918 927,920 863,922 798,921 734,922 670,922 605,922 541,924 477,924 412,924 348,924 284,924 220,926"/>
                <Baseline points="220,958 284,956 348,956 412,956 477,956 541,956 605,954 670,954 734,954 798,953 863,954 927,952 991,950 1055,950 1120,948 1184,948 1248,948 1313,948 1377,948 1441,948 1506,950"/>
                <TextEquiv>
                    <Unicode>ronde dingen. (ter zijde: U begrijpt het zeker wel, hè, dat zijn
</Unicode>
                </TextEquiv>
            </TextLine>
            <TextLine id="tr_1_tl_10" custom="readingOrder {index:5;}">
                <Coords points="216,1042 241,1040 267,1038 293,1038 319,1038 345,1038 371,1038 397,1038 422,1038 448,1038 474,1038 500,1038 526,1038 552,1038 578,1038 604,1040 604,992 578,990 552,990 526,990 500,990 474,990 448,990 422,990 397,990 371,990 345,990 319,990 293,990 267,990 241,992 216,994"/>
                <Baseline points="216,1026 241,1024 267,1022 293,1022 319,1022 345,1022 371,1022 397,1022 422,1022 448,1022 474,1022 500,1022 526,1022 552,1022 578,1022 604,1024"/>
                <TextEquiv>
                    <Unicode>auto's en fietsen!)
</Unicode>
                </TextEquiv>
            </TextLine>
            <TextEquiv>
                <Unicode></Unicode>
            </TextEquiv>
        </TextRegion>
        <TextRegion id="r_2903" custom="readingOrder {index:2;} structure {type:paragraph;}">
            <Coords points="212,1044 212,1382 1664,1382 1664,1044"/>
            <TextLine id="tr_1_tl_11" custom="readingOrder {index:0;} atm_home {offset:35; length:4;}">
                <Coords points="312,1105 379,1105 447,1105 514,1103 582,1103 650,1103 717,1102 785,1101 852,1101 920,1099 988,1097 1055,1097 1123,1097 1190,1097 1258,1097 1325,1095 1393,1095 1461,1095 1528,1093 1596,1093 1664,1093 1664,1047 1596,1047 1528,1047 1461,1049 1393,1049 1325,1049 1258,1051 1190,1051 1123,1051 1055,1051 988,1051 920,1053 852,1055 785,1055 717,1056 650,1057 582,1057 514,1057 447,1059 379,1059 312,1059"/>
                <Baseline points="312,1090 379,1090 447,1090 514,1088 582,1088 650,1088 717,1087 785,1086 852,1086 920,1084 988,1082 1055,1082 1123,1082 1190,1082 1258,1082 1325,1080 1393,1080 1461,1080 1528,1078 1596,1078 1664,1078"/>
                <TextEquiv>
                    <Unicode>En toen kwamen we eindelijk in het huis Het zag er heus heel anders</Unicode>
                </TextEquiv>
            </TextLine>
            <TextLine id="tr_1_tl_12" custom="readingOrder {index:1;}">
                <Coords points="218,1175 288,1171 358,1171 429,1171 499,1170 570,1169 640,1169 710,1167 781,1167 851,1165 922,1165 992,1163 1062,1163 1133,1163 1203,1163 1274,1161 1344,1162 1414,1161 1485,1161 1555,1161 1626,1161 1626,1115 1555,1115 1485,1115 1414,1115 1344,1116 1274,1115 1203,1117 1133,1117 1062,1117 992,1117 922,1119 851,1119 781,1121 710,1121 640,1123 570,1123 499,1124 429,1125 358,1125 288,1125 218,1129"/>
                <Baseline points="218,1160 288,1156 358,1156 429,1156 499,1155 570,1154 640,1154 710,1152 781,1152 851,1150 922,1150 992,1148 1062,1148 1133,1148 1203,1148 1274,1146 1344,1147 1414,1146 1485,1146 1555,1146 1626,1146"/>
                <TextEquiv>
                    <Unicode>uit, dan ons koraalpaleis en ze hadden daar dingen voor de ramen, waar
</Unicode>
                </TextEquiv>
            </TextLine>
            <TextLine id="tr_1_tl_13" custom="readingOrder {index:2;}">
                <Coords points="220,1245 287,1239 354,1237 421,1235 489,1235 556,1235 623,1234 691,1235 758,1233 825,1231 893,1232 960,1231 1027,1231 1094,1230 1162,1231 1229,1229 1296,1229 1364,1229 1431,1229 1498,1227 1566,1227 1566,1182 1498,1182 1431,1184 1364,1184 1296,1184 1229,1184 1162,1186 1094,1185 1027,1186 960,1186 893,1187 825,1186 758,1188 691,1190 623,1189 556,1190 489,1190 421,1190 354,1192 287,1194 220,1200"/>
                <Baseline points="220,1230 287,1224 354,1222 421,1220 489,1220 556,1220 623,1219 691,1220 758,1218 825,1216 893,1217 960,1216 1027,1216 1094,1215 1162,1216 1229,1214 1296,1214 1364,1214 1431,1214 1498,1212 1566,1212"/>
                <TextEquiv>
                    <Unicode>je alles door kon zien, maar als je eruit wou, bonkte je tegen iets
</Unicode>
                </TextEquiv>
            </TextLine>
            <TextLine id="tr_1_tl_14" custom="readingOrder {index:3;}">
                <Coords points="216,1307 284,1304 353,1303 422,1303 490,1301 559,1300 628,1299 696,1299 765,1299 834,1297 903,1299 971,1297 1040,1298 1109,1299 1177,1297 1246,1297 1315,1297 1383,1295 1452,1294 1521,1293 1590,1295 1590,1250 1521,1248 1452,1249 1383,1250 1315,1252 1246,1252 1177,1252 1109,1254 1040,1253 971,1252 903,1254 834,1252 765,1254 696,1254 628,1254 559,1255 490,1256 422,1258 353,1258 284,1259 216,1262"/>
                <Baseline points="216,1292 284,1289 353,1288 422,1288 490,1286 559,1285 628,1284 696,1284 765,1284 834,1282 903,1284 971,1282 1040,1283 1109,1284 1177,1282 1246,1282 1315,1282 1383,1280 1452,1279 1521,1278 1590,1280"/>
                <TextEquiv>
                    <Unicode>hards aan. Dat noemen de mensen, geloof ik, glas. Maar ja, aan alles
</Unicode>
                </TextEquiv>
            </TextLine>
            <TextLine id="tr_1_tl_15" custom="readingOrder {index:4;}">
                <Coords points="216,1376 242,1372 268,1372 295,1372 321,1372 347,1372 374,1371 400,1370 426,1370 453,1370 479,1372 506,1372 506,1324 479,1324 453,1322 426,1322 400,1322 374,1323 347,1324 321,1324 295,1324 268,1324 242,1324 216,1328"/>
                <Baseline points="216,1360 242,1356 268,1356 295,1356 321,1356 347,1356 374,1355 400,1354 426,1354 453,1354 479,1356 506,1356"/>
                <TextEquiv>
                    <Unicode>komt een eind.
</Unicode>
                </TextEquiv>
            </TextLine>
            <TextEquiv>
                <Unicode></Unicode>
            </TextEquiv>
        </TextRegion>
        <TextRegion id="r_3765" custom="readingOrder {index:3;} structure {type:paragraph;}">
            <Coords points="212,1382 212,1577 1664,1577 1664,1382"/>
            <TextLine id="tr_1_tl_16" custom="readingOrder {index:0;}">
                <Coords points="322,1438 385,1437 449,1436 512,1436 576,1434 640,1434 703,1433 767,1432 830,1432 894,1430 958,1430 1021,1430 1085,1430 1148,1428 1212,1428 1276,1428 1339,1428 1403,1426 1466,1425 1530,1424 1594,1424 1594,1376 1530,1376 1466,1377 1403,1378 1339,1380 1276,1380 1212,1380 1148,1380 1085,1382 1021,1382 958,1382 894,1382 830,1384 767,1384 703,1385 640,1386 576,1386 512,1388 449,1388 385,1389 322,1390"/>
                <Baseline points="322,1422 385,1421 449,1420 512,1420 576,1418 640,1418 703,1417 767,1416 830,1416 894,1414 958,1414 1021,1414 1085,1414 1148,1412 1212,1412 1276,1412 1339,1412 1403,1410 1466,1409 1530,1408 1594,1408"/>
                <TextEquiv>
                    <Unicode>Eindeijk werd het meisje 's avonds gewassen en ook handen
</Unicode>
                </TextEquiv>
            </TextLine>
            <TextLine id="tr_1_tl_17" custom="readingOrder {index:1;}">
                <Coords points="220,1506 289,1504 358,1504 427,1504 497,1502 566,1501 635,1500 705,1498 774,1498 843,1498 913,1496 982,1496 1051,1496 1120,1496 1190,1496 1259,1494 1328,1494 1398,1492 1467,1492 1536,1492 1606,1492 1606,1444 1536,1444 1467,1444 1398,1444 1328,1446 1259,1446 1190,1448 1120,1448 1051,1448 982,1448 913,1448 843,1450 774,1450 705,1450 635,1452 566,1453 497,1454 427,1456 358,1456 289,1456 220,1458"/>
                <Baseline points="220,1490 289,1488 358,1488 427,1488 497,1486 566,1485 635,1484 705,1482 774,1482 843,1482 913,1480 982,1480 1051,1480 1120,1480 1190,1480 1259,1478 1328,1478 1398,1476 1467,1476 1536,1476 1606,1476"/>
                <TextEquiv>
                    <Unicode>kregen een flinke beurt. En daar dreven wij nou in warm water. O jon-
</Unicode>
                </TextEquiv>
            </TextLine>
            <TextLine id="tr_1_tl_18" custom="readingOrder {index:2;}">
                <Coords points="224,1575 249,1572 275,1571 300,1570 326,1569 351,1569 377,1567 403,1567 428,1567 454,1567 479,1567 505,1567 530,1567 556,1567 582,1567 607,1567 633,1566 658,1565 684,1565 710,1567 710,1521 684,1519 658,1519 633,1520 607,1521 582,1521 556,1521 530,1521 505,1521 479,1521 454,1521 428,1521 403,1521 377,1521 351,1523 326,1523 300,1524 275,1525 249,1526 224,1529"/>
                <Baseline points="224,1560 249,1557 275,1556 300,1555 326,1554 351,1554 377,1552 403,1552 428,1552 454,1552 479,1552 505,1552 530,1552 556,1552 582,1552 607,1552 633,1551 658,1550 684,1550 710,1552"/>
                <TextEquiv>
                    <Unicode>gens wat was dat lekker!
</Unicode>
                </TextEquiv>
            </TextLine>
            <TextEquiv>
                <Unicode></Unicode>
            </TextEquiv>
        </TextRegion>
        <TextRegion id="r_3766" custom="readingOrder {index:4;} structure {type:paragraph;}">
            <Coords points="212,1577 212,1973 1664,1973 1664,1577"/>
            <TextLine id="tr_1_tl_19" custom="readingOrder {index:0;}">
                <Coords points="320,1637 385,1633 451,1633 517,1633 582,1633 648,1631 714,1630 779,1631 845,1629 911,1629 977,1629 1042,1627 1108,1626 1174,1626 1239,1625 1305,1625 1371,1623 1436,1622 1502,1621 1568,1623 1634,1625 1634,1579 1568,1577 1502,1575 1436,1576 1371,1577 1305,1579 1239,1579 1174,1580 1108,1580 1042,1581 977,1583 911,1583 845,1583 779,1585 714,1584 648,1585 582,1587 517,1587 451,1587 385,1587 320,1591"/>
                <Baseline points="320,1622 385,1618 451,1618 517,1618 582,1618 648,1616 714,1615 779,1616 845,1614 911,1614 977,1614 1042,1612 1108,1611 1174,1611 1239,1610 1305,1610 1371,1608 1436,1607 1502,1606 1568,1608 1634,1610"/>
                <TextEquiv>
                    <Unicode>Toen spoelde moeder de bak leeg in de was bak en verdwenen wij in
</Unicode>
                </TextEquiv>
            </TextLine>
            <TextLine id="tr_1_tl_20" custom="readingOrder {index:1;}">
                <Coords points="224,1706 290,1702 357,1702 424,1702 490,1700 557,1700 624,1700 690,1698 757,1698 824,1698 891,1696 957,1696 1024,1694 1091,1694 1157,1693 1224,1692 1291,1692 1357,1690 1424,1689 1491,1690 1558,1692 1558,1644 1491,1642 1424,1641 1357,1642 1291,1644 1224,1644 1157,1645 1091,1646 1024,1646 957,1648 891,1648 824,1650 757,1650 690,1650 624,1652 557,1652 490,1652 424,1654 357,1654 290,1654 224,1658"/>
                <Baseline points="224,1690 290,1686 357,1686 424,1686 490,1684 557,1684 624,1684 690,1682 757,1682 824,1682 891,1680 957,1680 1024,1678 1091,1678 1157,1677 1224,1676 1291,1676 1357,1674 1424,1673 1491,1674 1558,1676"/>
                <TextEquiv>
                    <Unicode>een donker gat. Bah, wat was het daar vies glibberig. En eindelijk
</Unicode>
                </TextEquiv>
            </TextLine>
            <TextLine id="tr_1_tl_21" custom="readingOrder {index:2;}">
                <Coords points="228,1773 298,1767 368,1767 438,1767 509,1767 579,1765 649,1765 720,1763 790,1763 860,1763 931,1762 1001,1761 1071,1759 1141,1759 1212,1757 1282,1757 1352,1755 1423,1755 1493,1755 1563,1755 1634,1761 1634,1715 1563,1709 1493,1709 1423,1709 1352,1709 1282,1711 1212,1711 1141,1713 1071,1713 1001,1715 931,1716 860,1717 790,1717 720,1717 649,1719 579,1719 509,1721 438,1721 368,1721 298,1721 228,1727"/>
                <Baseline points="228,1758 298,1752 368,1752 438,1752 509,1752 579,1750 649,1750 720,1748 790,1748 860,1748 931,1747 1001,1746 1071,1744 1141,1744 1212,1742 1282,1742 1352,1740 1423,1740 1493,1740 1563,1740 1634,1746"/>
                <TextEquiv>
                    <Unicode>kwamen wij weer in een groot water uit, waar het lang niet zo stormde,
</Unicode>
                </TextEquiv>
            </TextLine>
            <TextLine id="tr_1_tl_22" custom="readingOrder {index:3;}">
                <Coords points="224,1837 291,1835 359,1833 427,1833 494,1833 562,1833 630,1831 697,1831 765,1831 833,1829 901,1829 968,1827 1036,1827 1104,1825 1171,1825 1239,1823 1307,1823 1374,1823 1442,1823 1510,1823 1578,1823 1578,1777 1510,1777 1442,1777 1374,1777 1307,1777 1239,1777 1171,1779 1104,1779 1036,1781 968,1781 901,1783 833,1783 765,1785 697,1785 630,1785 562,1787 494,1787 427,1787 359,1787 291,1789 224,1791"/>
                <Baseline points="224,1822 291,1820 359,1818 427,1818 494,1818 562,1818 630,1816 697,1816 765,1816 833,1814 901,1814 968,1812 1036,1812 1104,1810 1171,1810 1239,1808 1307,1808 1374,1808 1442,1808 1510,1808 1578,1808"/>
                <TextEquiv>
                    <Unicode>als in de zee. O nee! (even ter zijde: "U begrijpt wel, dat was het
</Unicode>
                </TextEquiv>
            </TextLine>
            <TextLine id="tr_1_tl_23" custom="readingOrder {index:4;} place {offset:0; length:10;wikiData:Q4121;}">
                <Coords points="226,1905 293,1901 360,1901 427,1899 495,1899 562,1899 629,1897 697,1897 764,1897 831,1895 899,1893 966,1893 1033,1891 1100,1891 1168,1889 1235,1889 1302,1889 1370,1890 1437,1889 1504,1889 1572,1891 1572,1845 1504,1843 1437,1843 1370,1844 1302,1843 1235,1843 1168,1843 1100,1845 1033,1845 966,1847 899,1847 831,1849 764,1851 697,1851 629,1851 562,1853 495,1853 427,1853 360,1855 293,1855 226,1859"/>
                <Baseline points="226,1890 293,1886 360,1886 427,1884 495,1884 562,1884 629,1882 697,1882 764,1882 831,1880 899,1878 966,1878 1033,1876 1100,1876 1168,1874 1235,1874 1302,1874 1370,1875 1437,1874 1504,1874 1572,1876"/>
                <TextEquiv>
                    <Unicode>IJsselmeer!") En daar waren andere korrels dan in de zee, die hadden</Unicode>
                </TextEquiv>
            </TextLine>
            <TextLine id="tr_1_tl_24" custom="readingOrder {index:5;}">
                <Coords points="226,1973 296,1969 367,1969 437,1967 508,1967 578,1967 649,1965 719,1964 790,1963 860,1961 931,1959 1001,1957 1072,1957 1142,1957 1213,1955 1283,1957 1354,1957 1424,1957 1495,1955 1565,1955 1636,1957 1636,1911 1565,1909 1495,1909 1424,1911 1354,1911 1283,1911 1213,1909 1142,1911 1072,1911 1001,1911 931,1913 860,1915 790,1917 719,1918 649,1919 578,1921 508,1921 437,1921 367,1923 296,1923 226,1927"/>
                <Baseline points="226,1958 296,1954 367,1954 437,1952 508,1952 578,1952 649,1950 719,1949 790,1948 860,1946 931,1944 1001,1942 1072,1942 1142,1942 1213,1940 1283,1942 1354,1942 1424,1942 1495,1940 1565,1940 1636,1942"/>
                <TextEquiv>
                    <Unicode>wel meer van deze passagiers gehad en die wisten wel iets te vinden in</Unicode>
                </TextEquiv>
            </TextLine>
            <TextEquiv>
                <Unicode></Unicode>
            </TextEquiv>
        </TextRegion>
    </Page>
</PcGts>
