<?xml version="1.0" encoding="UTF-8" standalone="yes"?>
<PcGts xmlns="http://schema.primaresearch.org/PAGE/gts/pagecontent/2013-07-15" xmlns:xsi="http://www.w3.org/2001/XMLSchema-instance" xsi:schemaLocation="http://schema.primaresearch.org/PAGE/gts/pagecontent/2013-07-15 http://schema.primaresearch.org/PAGE/gts/pagecontent/2013-07-15/pagecontent.xsd">
    <Metadata>
        <Creator>Transkribus</Creator>
        <Created>2024-10-04T16:38:54.770+02:00</Created>
        <LastChange>2024-10-17T14:50:47.431+02:00</LastChange>
        <TranskribusMetadata docId="4508828" pageId="79709988" pageNr="84" tsid="194342431" status="IN_PROGRESS" userId="297218" imgUrl="https://files.transkribus.eu/Get?id=RFGLNMYKFZEHMNRFZFYYEHZC&amp;fileType=view" xmlUrl="https://files.transkribus.eu/Get?id=IKSCJYTROUCPYMBWJOHTLKOX" imageId="65103918"/>
    </Metadata>
    <Page imageFilename="0084_NL-AsdNIOD_401_0161_0085.jpg" imageWidth="1709" imageHeight="2387">
        <ReadingOrder>
            <OrderedGroup id="ro_1729171049976" caption="Regions reading order">
                <RegionRefIndexed index="0" regionRef="r"/>
                <RegionRefIndexed index="1" regionRef="r_2530"/>
                <RegionRefIndexed index="2" regionRef="r_4894"/>
                <RegionRefIndexed index="3" regionRef="r_4895"/>
            </OrderedGroup>
        </ReadingOrder>
        <TextRegion id="r" custom="readingOrder {index:0;} structure {type:heading;}">
            <Coords points="303,253 303,468 1663,468 1663,253"/>
            <TextLine id="tr_1_tl_1" custom="readingOrder {index:0;}">
                <Coords points="517,285 553,283 590,283 626,283 663,283 700,283 736,285 773,285 809,285 846,285 883,285 919,285 956,285 992,285 1029,285 1066,287 1102,287 1139,287 1175,287 1212,287 1249,287 1249,257 1212,257 1175,257 1139,257 1102,257 1066,257 1029,255 992,255 956,255 919,255 883,255 846,255 809,255 773,255 736,255 700,253 663,253 626,253 590,253 553,253 517,255"/>
                <Baseline points="517,275 553,273 590,273 626,273 663,273 700,273 736,275 773,275 809,275 846,275 883,275 919,275 956,275 992,275 1029,275 1066,277 1102,277 1139,277 1175,277 1212,277 1249,277"/>
                <TextEquiv>
                    <Unicode>AFSCHRIFT VOOR DE INDISCHE COLLECTIE</Unicode>
                </TextEquiv>
            </TextLine>
            <TextLine id="tr_1_tl_2" custom="readingOrder {index:1;}">
                <Coords points="715,351 740,349 766,350 792,351 818,351 844,352 870,353 895,351 921,351 947,351 973,351 999,351 1025,351 1025,321 999,321 973,321 947,321 921,321 895,321 870,323 844,322 818,321 792,321 766,320 740,319 715,321"/>
                <Baseline points="715,341 740,339 766,340 792,341 818,341 844,342 870,343 895,341 921,341 947,341 973,341 999,341 1025,341"/>
                <TextEquiv>
                    <Unicode>Bijlage bij het
</Unicode>
                </TextEquiv>
            </TextLine>
            <TextLine id="tr_1_tl_3" custom="readingOrder {index:2;} person {offset:20; length:18;}">
                <Coords points="497,419 535,416 573,416 611,415 650,415 688,417 726,417 765,417 803,417 841,417 880,419 918,419 956,419 994,419 1033,419 1071,419 1109,418 1148,419 1186,419 1224,419 1263,419 1263,389 1224,389 1186,389 1148,389 1109,388 1071,389 1033,389 994,389 956,389 918,389 880,389 841,387 803,387 765,387 726,387 688,387 650,385 611,385 573,386 535,386 497,389"/>
                <Baseline points="497,409 535,406 573,406 611,405 650,405 688,407 726,407 765,407 803,407 841,407 880,409 918,409 956,409 994,409 1033,409 1071,409 1109,408 1148,409 1186,409 1224,409 1263,409"/>
                <TextEquiv>
                    <Unicode>DAGBOEK VAN MEVROUW T.C. AVIS-HULSTIJN</Unicode>
                </TextEquiv>
            </TextLine>
            <TextEquiv>
                <Unicode></Unicode>
            </TextEquiv>
        </TextRegion>
        <TextRegion id="r_2530" custom="readingOrder {index:1;} structure {type:paragraph;}">
            <Coords points="303,468 303,814 1663,814 1663,468"/>
            <TextLine id="tr_1_tl_4" custom="readingOrder {index:0;} date {offset:8; length:13;yyyy-mm-dd:1942-03-13;}">
                <Coords points="1181,753 1207,751 1233,752 1259,753 1286,754 1312,755 1338,755 1364,755 1391,755 1417,755 1443,754 1469,753 1496,754 1522,755 1548,755 1574,753 1601,753 1601,723 1574,723 1548,725 1522,725 1496,724 1469,723 1443,724 1417,725 1391,725 1364,725 1338,725 1312,725 1286,724 1259,723 1233,722 1207,721 1181,723"/>
                <Baseline points="1181,743 1207,741 1233,742 1259,743 1286,744 1312,745 1338,745 1364,745 1391,745 1417,745 1443,744 1469,743 1496,744 1522,745 1548,745 1574,743 1601,743"/>
                <TextEquiv>
                    <Unicode>Vrijdag 13 Maart 1942</Unicode>
                </TextEquiv>
            </TextLine>
            <TextEquiv>
                <Unicode></Unicode>
            </TextEquiv>
        </TextRegion>
        <TextRegion id="r_4894" custom="readingOrder {index:2;} structure {type:paragraph;}">
            <Coords points="303,814 303,1123 1663,1123 1663,814"/>
            <TextLine id="tr_1_tl_5" custom="readingOrder {index:0;} person {offset:8; length:6;}">
                <Coords points="413,883 439,881 466,881 492,881 519,881 546,881 572,881 599,881 625,881 652,883 679,885 679,855 652,853 625,851 599,851 572,851 546,851 519,851 492,851 466,851 439,851 413,853"/>
                <Baseline points="413,873 439,871 466,871 492,871 519,871 546,871 572,871 599,871 625,871 652,873 679,875"/>
                <TextEquiv>
                    <Unicode>Liefste Toosje</Unicode>
                </TextEquiv>
            </TextLine>
            <TextLine id="tr_1_tl_6" custom="readingOrder {index:1;}">
                <Coords points="417,949 476,947 536,947 596,947 656,947 716,949 776,949 836,949 896,949 956,951 1016,949 1075,949 1135,949 1195,949 1255,951 1315,951 1375,951 1435,951 1495,953 1555,953 1615,959 1615,929 1555,923 1495,923 1435,921 1375,921 1315,921 1255,921 1195,919 1135,919 1075,919 1016,919 956,921 896,919 836,919 776,919 716,919 656,917 596,917 536,917 476,917 417,919"/>
                <Baseline points="417,939 476,937 536,937 596,937 656,937 716,939 776,939 836,939 896,939 956,941 1016,939 1075,939 1135,939 1195,939 1255,941 1315,941 1375,941 1435,941 1495,943 1555,943 1615,949"/>
                <TextEquiv>
                    <Unicode>Wat reuze lief van je, dat je Japansche schildwachten en nog
</Unicode>
                </TextEquiv>
            </TextLine>
            <TextLine id="tr_1_tl_7" custom="readingOrder {index:2;}">
                <Coords points="313,983 377,981 441,982 505,981 570,981 634,982 698,983 763,983 827,983 891,984 956,985 1020,985 1084,985 1148,985 1213,985 1277,985 1341,986 1406,985 1470,986 1534,987 1599,987 1599,957 1534,957 1470,956 1406,955 1341,956 1277,955 1213,955 1148,955 1084,955 1020,955 956,955 891,954 827,953 763,953 698,953 634,952 570,951 505,951 441,952 377,951 313,953"/>
                <Baseline points="313,973 377,971 441,972 505,971 570,971 634,972 698,973 763,973 827,973 891,974 956,975 1020,975 1084,975 1148,975 1213,975 1277,975 1341,976 1406,975 1470,976 1534,977 1599,977"/>
                <TextEquiv>
                    <Unicode>hoeveel andere moeilijkheden hebt getrotseerd om me op te zoeken
</Unicode>
                </TextEquiv>
            </TextLine>
            <TextLine id="tr_1_tl_8" custom="readingOrder {index:3;}">
                <Coords points="311,1017 378,1015 445,1014 512,1015 579,1015 646,1017 713,1017 780,1017 847,1017 914,1017 981,1018 1048,1018 1115,1017 1182,1019 1249,1020 1316,1019 1383,1019 1450,1019 1517,1019 1584,1021 1651,1021 1651,991 1584,991 1517,989 1450,989 1383,989 1316,989 1249,990 1182,989 1115,987 1048,988 981,988 914,987 847,987 780,987 713,987 646,987 579,985 512,985 445,984 378,985 311,987"/>
                <Baseline points="311,1007 378,1005 445,1004 512,1005 579,1005 646,1007 713,1007 780,1007 847,1007 914,1007 981,1008 1048,1008 1115,1007 1182,1009 1249,1010 1316,1009 1383,1009 1450,1009 1517,1009 1584,1011 1651,1011"/>
                <TextEquiv>
                    <Unicode>in ons "Kamp" en om ons een aantal hoogst nuttige zaken te brengen.
</Unicode>
                </TextEquiv>
            </TextLine>
            <TextLine id="tr_1_tl_9" custom="readingOrder {index:4;}">
                <Coords points="317,1051 380,1049 444,1049 508,1049 572,1049 636,1049 700,1049 764,1051 828,1051 892,1051 956,1051 1019,1051 1083,1051 1147,1052 1211,1053 1275,1053 1339,1053 1403,1055 1467,1053 1531,1053 1595,1055 1595,1025 1531,1023 1467,1023 1403,1025 1339,1023 1275,1023 1211,1023 1147,1022 1083,1021 1019,1021 956,1021 892,1021 828,1021 764,1021 700,1019 636,1019 572,1019 508,1019 444,1019 380,1019 317,1021"/>
                <Baseline points="317,1041 380,1039 444,1039 508,1039 572,1039 636,1039 700,1039 764,1041 828,1041 892,1041 956,1041 1019,1041 1083,1041 1147,1042 1211,1043 1275,1043 1339,1043 1403,1045 1467,1043 1531,1043 1595,1045"/>
                <TextEquiv>
                    <Unicode>Ik weet niet waar ik je het dankbaarst voor ben; ik geloof haast
</Unicode>
                </TextEquiv>
            </TextLine>
            <TextLine id="tr_1_tl_10" custom="readingOrder {index:5;}">
                <Coords points="315,1083 382,1083 449,1083 516,1084 583,1083 650,1085 717,1085 784,1085 851,1085 918,1085 986,1086 1053,1087 1120,1087 1187,1089 1254,1089 1321,1087 1388,1089 1455,1089 1522,1089 1589,1089 1657,1091 1657,1061 1589,1059 1522,1059 1455,1059 1388,1059 1321,1057 1254,1059 1187,1059 1120,1057 1053,1057 986,1056 918,1055 851,1055 784,1055 717,1055 650,1055 583,1053 516,1054 449,1053 382,1053 315,1053"/>
                <Baseline points="315,1073 382,1073 449,1073 516,1074 583,1073 650,1075 717,1075 784,1075 851,1075 918,1075 986,1076 1053,1077 1120,1077 1187,1079 1254,1079 1321,1077 1388,1079 1455,1079 1522,1079 1589,1079 1657,1081"/>
                <TextEquiv>
                    <Unicode>voor het keurige stevige matje met de herlijke warme deken, waarmee
</Unicode>
                </TextEquiv>
            </TextLine>
            <TextLine id="tr_1_tl_11" custom="readingOrder {index:6;}">
                <Coords points="313,1119 356,1117 400,1117 444,1119 488,1119 532,1118 576,1119 620,1119 664,1119 708,1119 752,1118 795,1119 839,1121 883,1121 927,1121 971,1121 1015,1121 1059,1121 1103,1121 1147,1121 1191,1123 1191,1093 1147,1091 1103,1091 1059,1091 1015,1091 971,1091 927,1091 883,1091 839,1091 795,1089 752,1088 708,1089 664,1089 620,1089 576,1089 532,1088 488,1089 444,1089 400,1087 356,1087 313,1089"/>
                <Baseline points="313,1109 356,1107 400,1107 444,1109 488,1109 532,1108 576,1109 620,1109 664,1109 708,1109 752,1108 795,1109 839,1111 883,1111 927,1111 971,1111 1015,1111 1059,1111 1103,1111 1147,1111 1191,1113"/>
                <TextEquiv>
                    <Unicode>ik de afgeloopen nacht fijn doorgekomen ben.
</Unicode>
                </TextEquiv>
            </TextLine>
            <TextEquiv>
                <Unicode></Unicode>
            </TextEquiv>
        </TextRegion>
        <TextRegion id="r_4895" custom="readingOrder {index:3;} structure {type:paragraph;}">
            <Coords points="303,1123 303,2129 1663,2129 1663,1123"/>
            <TextLine id="tr_1_tl_12" custom="readingOrder {index:0;}">
                <Coords points="413,1153 473,1151 533,1153 593,1153 653,1151 714,1151 774,1153 834,1153 894,1153 954,1153 1015,1153 1075,1153 1135,1155 1195,1155 1255,1155 1316,1153 1376,1155 1436,1155 1496,1155 1556,1155 1617,1159 1617,1129 1556,1125 1496,1125 1436,1125 1376,1125 1316,1123 1255,1125 1195,1125 1135,1125 1075,1123 1015,1123 954,1123 894,1123 834,1123 774,1123 714,1121 653,1121 593,1123 533,1123 473,1121 413,1123"/>
                <Baseline points="413,1143 473,1141 533,1143 593,1143 653,1141 714,1141 774,1143 834,1143 894,1143 954,1143 1015,1143 1075,1143 1135,1145 1195,1145 1255,1145 1316,1143 1376,1145 1436,1145 1496,1145 1556,1145 1617,1149"/>
                <TextEquiv>
                    <Unicode>Laat ik je eerst even in het kort van onze wederwaardigheden
</Unicode>
                </TextEquiv>
            </TextLine>
            <TextLine id="tr_1_tl_13" custom="readingOrder {index:1;}">
                <Coords points="317,1187 381,1183 446,1185 511,1185 575,1185 640,1185 705,1185 769,1187 834,1187 899,1187 964,1188 1028,1188 1093,1189 1158,1189 1222,1187 1287,1189 1352,1189 1416,1190 1481,1191 1546,1191 1611,1187 1611,1157 1546,1161 1481,1161 1416,1160 1352,1159 1287,1159 1222,1157 1158,1159 1093,1159 1028,1158 964,1158 899,1157 834,1157 769,1157 705,1155 640,1155 575,1155 511,1155 446,1155 381,1153 317,1157"/>
                <Baseline points="317,1177 381,1173 446,1175 511,1175 575,1175 640,1175 705,1175 769,1177 834,1177 899,1177 964,1178 1028,1178 1093,1179 1158,1179 1222,1177 1287,1179 1352,1179 1416,1180 1481,1181 1546,1181 1611,1177"/>
                <TextEquiv>
                    <Unicode>vertellen; Maandagmiddag hadden zich al een 400 landstormers ver-
</Unicode>
                </TextEquiv>
            </TextLine>
            <TextLine id="tr_1_tl_14" custom="readingOrder {index:2;} place {offset:43; length:13;wikiData:Q111183277;}">
                <Coords points="313,1219 373,1217 433,1217 493,1217 553,1217 614,1217 674,1217 734,1219 794,1219 854,1221 915,1221 975,1221 1035,1221 1095,1221 1155,1221 1216,1221 1276,1221 1336,1223 1396,1223 1456,1223 1517,1227 1517,1197 1456,1193 1396,1193 1336,1193 1276,1191 1216,1191 1155,1191 1095,1191 1035,1191 975,1191 915,1191 854,1191 794,1189 734,1189 674,1187 614,1187 553,1187 493,1187 433,1187 373,1187 313,1189"/>
                <Baseline points="313,1209 373,1207 433,1207 493,1207 553,1207 614,1207 674,1207 734,1209 794,1209 854,1211 915,1211 975,1211 1035,1211 1095,1211 1155,1211 1216,1211 1276,1211 1336,1213 1396,1213 1456,1213 1517,1217"/>
                <TextEquiv>
                    <Unicode>zameld in het jou welbekende gebouw aan de Coenboulevard. De</Unicode>
                </TextEquiv>
            </TextLine>
            <TextLine id="tr_1_tl_15" custom="readingOrder {index:3;}">
                <Coords points="313,1253 378,1251 443,1251 508,1251 573,1251 638,1251 703,1251 768,1253 833,1253 898,1254 964,1255 1029,1255 1094,1255 1159,1255 1224,1255 1289,1255 1354,1256 1419,1257 1484,1259 1549,1259 1615,1261 1615,1231 1549,1229 1484,1229 1419,1227 1354,1226 1289,1225 1224,1225 1159,1225 1094,1225 1029,1225 964,1225 898,1224 833,1223 768,1223 703,1221 638,1221 573,1221 508,1221 443,1221 378,1221 313,1223"/>
                <Baseline points="313,1243 378,1241 443,1241 508,1241 573,1241 638,1241 703,1241 768,1243 833,1243 898,1244 964,1245 1029,1245 1094,1245 1159,1245 1224,1245 1289,1245 1354,1246 1419,1247 1484,1249 1549,1249 1615,1251"/>
                <TextEquiv>
                    <Unicode>Japansche schildwachten begrepen geloof ik heelemaal niet, wat ze
</Unicode>
                </TextEquiv>
            </TextLine>
            <TextLine id="tr_1_tl_16" custom="readingOrder {index:4;}">
                <Coords points="315,1285 378,1285 441,1285 504,1286 567,1285 630,1285 693,1285 756,1287 819,1289 882,1289 945,1289 1008,1289 1071,1289 1134,1289 1197,1289 1260,1290 1323,1291 1386,1291 1449,1291 1512,1293 1575,1295 1575,1265 1512,1263 1449,1261 1386,1261 1323,1261 1260,1260 1197,1259 1134,1259 1071,1259 1008,1259 945,1259 882,1259 819,1259 756,1257 693,1255 630,1255 567,1255 504,1256 441,1255 378,1255 315,1255"/>
                <Baseline points="315,1275 378,1275 441,1275 504,1276 567,1275 630,1275 693,1275 756,1277 819,1279 882,1279 945,1279 1008,1279 1071,1279 1134,1279 1197,1279 1260,1280 1323,1281 1386,1281 1449,1281 1512,1283 1575,1285"/>
                <TextEquiv>
                    <Unicode>eigenlijk met ons moesten beginnen, want het bleek de bedoeling
</Unicode>
                </TextEquiv>
            </TextLine>
            <TextLine id="tr_1_tl_17" custom="readingOrder {index:5;}">
                <Coords points="311,1317 373,1319 435,1319 497,1319 559,1319 622,1318 684,1319 746,1319 808,1320 870,1321 933,1322 995,1321 1057,1323 1119,1323 1181,1321 1244,1323 1306,1323 1368,1323 1430,1325 1492,1324 1555,1325 1555,1295 1492,1294 1430,1295 1368,1293 1306,1293 1244,1293 1181,1291 1119,1293 1057,1293 995,1291 933,1292 870,1291 808,1290 746,1289 684,1289 622,1288 559,1289 497,1289 435,1289 373,1289 311,1287"/>
                <Baseline points="311,1307 373,1309 435,1309 497,1309 559,1309 622,1308 684,1309 746,1309 808,1310 870,1311 933,1312 995,1311 1057,1313 1119,1313 1181,1311 1244,1313 1306,1313 1368,1313 1430,1315 1492,1314 1555,1315"/>
                <TextEquiv>
                    <Unicode>te zijn, dat alle militairen enz. zich eerst Dinsdag om 12 uur
</Unicode>
                </TextEquiv>
            </TextLine>
            <TextLine id="tr_1_tl_18" custom="readingOrder {index:6;}">
                <Coords points="311,1351 376,1351 441,1351 506,1352 571,1351 637,1351 702,1353 767,1353 832,1353 897,1355 963,1355 1028,1355 1093,1355 1158,1355 1223,1357 1289,1357 1354,1357 1419,1357 1484,1357 1549,1357 1615,1361 1615,1331 1549,1327 1484,1327 1419,1327 1354,1327 1289,1327 1223,1327 1158,1325 1093,1325 1028,1325 963,1325 897,1325 832,1323 767,1323 702,1323 637,1321 571,1321 506,1322 441,1321 376,1321 311,1321"/>
                <Baseline points="311,1341 376,1341 441,1341 506,1342 571,1341 637,1341 702,1343 767,1343 832,1343 897,1345 963,1345 1028,1345 1093,1345 1158,1345 1223,1347 1289,1347 1354,1347 1419,1347 1484,1347 1549,1347 1615,1351"/>
                <TextEquiv>
                    <Unicode>bij het gemeentehuis moesten melden. Dit is dus weer eens een van
</Unicode>
                </TextEquiv>
            </TextLine>
            <TextLine id="tr_1_tl_19" custom="readingOrder {index:7;}">
                <Coords points="313,1385 374,1383 435,1385 496,1385 557,1385 618,1385 679,1385 740,1387 801,1387 862,1389 924,1389 985,1389 1046,1389 1107,1389 1168,1389 1229,1390 1290,1390 1351,1391 1412,1391 1473,1391 1535,1395 1535,1365 1473,1361 1412,1361 1351,1361 1290,1360 1229,1360 1168,1359 1107,1359 1046,1359 985,1359 924,1359 862,1359 801,1357 740,1357 679,1355 618,1355 557,1355 496,1355 435,1355 374,1353 313,1355"/>
                <Baseline points="313,1375 374,1373 435,1375 496,1375 557,1375 618,1375 679,1375 740,1377 801,1377 862,1379 924,1379 985,1379 1046,1379 1107,1379 1168,1379 1229,1380 1290,1380 1351,1381 1412,1381 1473,1381 1535,1385"/>
                <TextEquiv>
                    <Unicode>de bekende staaltjes van organisatie van de (ex)-legerleiding
</Unicode>
                </TextEquiv>
            </TextLine>
            <TextLine id="tr_1_tl_20" custom="readingOrder {index:8;}">
                <Coords points="315,1421 382,1419 449,1419 517,1418 584,1419 652,1419 719,1420 786,1420 854,1421 921,1423 989,1421 1056,1421 1123,1423 1191,1423 1258,1423 1326,1423 1393,1423 1460,1425 1528,1425 1595,1425 1663,1425 1663,1395 1595,1395 1528,1395 1460,1395 1393,1393 1326,1393 1258,1393 1191,1393 1123,1393 1056,1391 989,1391 921,1393 854,1391 786,1390 719,1390 652,1389 584,1389 517,1388 449,1389 382,1389 315,1391"/>
                <Baseline points="315,1411 382,1409 449,1409 517,1408 584,1409 652,1409 719,1410 786,1410 854,1411 921,1413 989,1411 1056,1411 1123,1413 1191,1413 1258,1413 1326,1413 1393,1413 1460,1415 1528,1415 1595,1415 1663,1415"/>
                <TextEquiv>
                    <Unicode>geweest, tengevolge waarvan wij volkomen noodeloos een extra dag on-
</Unicode>
                </TextEquiv>
            </TextLine>
            <TextLine id="tr_1_tl_21" custom="readingOrder {index:9;}">
                <Coords points="313,1453 373,1451 433,1451 493,1453 553,1451 614,1453 674,1453 734,1455 794,1455 854,1455 915,1453 975,1455 1035,1455 1095,1455 1155,1455 1216,1455 1276,1457 1336,1457 1396,1457 1456,1457 1517,1459 1517,1429 1456,1427 1396,1427 1336,1427 1276,1427 1216,1425 1155,1425 1095,1425 1035,1425 975,1425 915,1423 854,1425 794,1425 734,1425 674,1423 614,1423 553,1421 493,1423 433,1421 373,1421 313,1423"/>
                <Baseline points="313,1443 373,1441 433,1441 493,1443 553,1441 614,1443 674,1443 734,1445 794,1445 854,1445 915,1443 975,1445 1035,1445 1095,1445 1155,1445 1216,1445 1276,1447 1336,1447 1396,1447 1456,1447 1517,1449"/>
                <TextEquiv>
                    <Unicode>ze vrijheid kwijt zijn geweest en dat nog wel een dag van al
</Unicode>
                </TextEquiv>
            </TextLine>
            <TextLine id="tr_1_tl_22" custom="readingOrder {index:10;}">
                <Coords points="313,1485 378,1483 443,1485 508,1484 573,1483 638,1485 703,1485 768,1487 833,1487 898,1487 964,1487 1029,1489 1094,1487 1159,1489 1224,1489 1289,1489 1354,1489 1419,1491 1484,1489 1549,1489 1615,1493 1615,1463 1549,1459 1484,1459 1419,1461 1354,1459 1289,1459 1224,1459 1159,1459 1094,1457 1029,1459 964,1457 898,1457 833,1457 768,1457 703,1455 638,1455 573,1453 508,1454 443,1455 378,1453 313,1455"/>
                <Baseline points="313,1475 378,1473 443,1475 508,1474 573,1473 638,1475 703,1475 768,1477 833,1477 898,1477 964,1477 1029,1479 1094,1477 1159,1479 1224,1479 1289,1479 1354,1479 1419,1481 1484,1479 1549,1479 1615,1483"/>
                <TextEquiv>
                    <Unicode>zeer weinig comfort. We hebben dien ersten dag n.l. met z'n allen
</Unicode>
                </TextEquiv>
            </TextLine>
            <TextLine id="tr_1_tl_23" custom="readingOrder {index:11;}">
                <Coords points="311,1519 375,1517 439,1517 503,1517 568,1517 632,1517 696,1519 761,1519 825,1519 889,1521 954,1521 1018,1521 1082,1522 1146,1523 1211,1523 1275,1523 1339,1521 1404,1523 1468,1523 1532,1523 1597,1527 1597,1497 1532,1493 1468,1493 1404,1493 1339,1491 1275,1493 1211,1493 1146,1493 1082,1492 1018,1491 954,1491 889,1491 825,1489 761,1489 696,1489 632,1487 568,1487 503,1487 439,1487 375,1487 311,1489"/>
                <Baseline points="311,1509 375,1507 439,1507 503,1507 568,1507 632,1507 696,1509 761,1509 825,1509 889,1511 954,1511 1018,1511 1082,1512 1146,1513 1211,1513 1275,1513 1339,1511 1404,1513 1468,1513 1532,1513 1597,1517"/>
                <TextEquiv>
                    <Unicode>doorgebracht in de gymnastiekzaal, dus je begrijpt; als haringen
</Unicode>
                </TextEquiv>
            </TextLine>
            <TextLine id="tr_1_tl_24" custom="readingOrder {index:12;}">
                <Coords points="315,1553 381,1551 448,1551 514,1551 581,1551 648,1553 714,1553 781,1553 847,1553 914,1555 981,1555 1047,1555 1114,1555 1180,1555 1247,1555 1313,1556 1380,1555 1447,1555 1513,1557 1580,1557 1647,1563 1647,1533 1580,1527 1513,1527 1447,1525 1380,1525 1313,1526 1247,1525 1180,1525 1114,1525 1047,1525 981,1525 914,1525 847,1523 781,1523 714,1523 648,1523 581,1521 514,1521 448,1521 381,1521 315,1523"/>
                <Baseline points="315,1543 381,1541 448,1541 514,1541 581,1541 648,1543 714,1543 781,1543 847,1543 914,1545 981,1545 1047,1545 1114,1545 1180,1545 1247,1545 1313,1546 1380,1545 1447,1545 1513,1547 1580,1547 1647,1553"/>
                <TextEquiv>
                    <Unicode>in een tonnetje! En den heelen dag niets te eten, zodat de meesten,</Unicode>
                </TextEquiv>
            </TextLine>
            <TextLine id="tr_1_tl_25" custom="readingOrder {index:13;}">
                <Coords points="309,1585 371,1583 434,1585 496,1585 559,1585 622,1585 684,1586 747,1587 809,1587 872,1587 935,1587 997,1587 1060,1589 1122,1589 1185,1589 1248,1590 1310,1589 1373,1589 1435,1590 1498,1589 1561,1591 1561,1561 1498,1559 1435,1560 1373,1559 1310,1559 1248,1560 1185,1559 1122,1559 1060,1559 997,1557 935,1557 872,1557 809,1557 747,1557 684,1556 622,1555 559,1555 496,1555 434,1555 371,1553 309,1555"/>
                <Baseline points="309,1575 371,1573 434,1575 496,1575 559,1575 622,1575 684,1576 747,1577 809,1577 872,1577 935,1577 997,1577 1060,1579 1122,1579 1185,1579 1248,1580 1310,1579 1373,1579 1435,1580 1498,1579 1561,1581"/>
                <TextEquiv>
                    <Unicode>die nog vrijwel niets gegeten hadden, natuurlijk rammelden van
</Unicode>
                </TextEquiv>
            </TextLine>
            <TextLine id="tr_1_tl_26" custom="readingOrder {index:14;}">
                <Coords points="311,1619 373,1617 435,1619 497,1619 559,1617 621,1619 683,1619 745,1619 807,1621 869,1621 932,1621 994,1621 1056,1623 1118,1623 1180,1621 1242,1623 1304,1623 1366,1623 1428,1623 1490,1623 1553,1627 1553,1597 1490,1593 1428,1593 1366,1593 1304,1593 1242,1593 1180,1591 1118,1593 1056,1593 994,1591 932,1591 869,1591 807,1591 745,1589 683,1589 621,1589 559,1587 497,1589 435,1589 373,1587 311,1589"/>
                <Baseline points="311,1609 373,1607 435,1609 497,1609 559,1607 621,1609 683,1609 745,1609 807,1611 869,1611 932,1611 994,1611 1056,1613 1118,1613 1180,1611 1242,1613 1304,1613 1366,1613 1428,1613 1490,1613 1553,1617"/>
                <TextEquiv>
                    <Unicode>de honger. Gelukkig was er voldoende drinkwater, zoodat we daar</Unicode>
                </TextEquiv>
            </TextLine>
            <TextLine id="tr_1_tl_27" custom="readingOrder {index:15;}">
                <Coords points="307,1651 371,1651 436,1651 500,1651 565,1651 629,1651 694,1653 758,1653 823,1655 887,1655 952,1655 1016,1657 1081,1655 1145,1657 1210,1655 1274,1657 1339,1658 1403,1658 1468,1658 1532,1657 1597,1659 1597,1629 1532,1627 1468,1628 1403,1628 1339,1628 1274,1627 1210,1625 1145,1627 1081,1625 1016,1627 952,1625 887,1625 823,1625 758,1623 694,1623 629,1621 565,1621 500,1621 436,1621 371,1621 307,1621"/>
                <Baseline points="307,1641 371,1641 436,1641 500,1641 565,1641 629,1641 694,1643 758,1643 823,1645 887,1645 952,1645 1016,1647 1081,1645 1145,1647 1210,1645 1274,1647 1339,1648 1403,1648 1468,1648 1532,1647 1597,1649"/>
                <TextEquiv>
                    <Unicode>onze buik maar mee gevuld hebben. Ik moet eerlijk zeggen, dat we
</Unicode>
                </TextEquiv>
            </TextLine>
            <TextLine id="tr_1_tl_28" custom="readingOrder {index:16;}">
                <Coords points="307,1685 372,1685 438,1686 503,1685 569,1685 634,1685 700,1685 765,1687 831,1688 896,1689 962,1689 1027,1689 1093,1689 1158,1689 1224,1690 1289,1689 1355,1691 1420,1691 1486,1691 1551,1691 1617,1695 1617,1665 1551,1661 1486,1661 1420,1661 1355,1661 1289,1659 1224,1660 1158,1659 1093,1659 1027,1659 962,1659 896,1659 831,1658 765,1657 700,1655 634,1655 569,1655 503,1655 438,1656 372,1655 307,1655"/>
                <Baseline points="307,1675 372,1675 438,1676 503,1675 569,1675 634,1675 700,1675 765,1677 831,1678 896,1679 962,1679 1027,1679 1093,1679 1158,1679 1224,1680 1289,1679 1355,1681 1420,1681 1486,1681 1551,1681 1617,1685"/>
                <TextEquiv>
                    <Unicode>overigens correct behandeld zijn en de J. schildwachten zelfs
</Unicode>
                </TextEquiv>
            </TextLine>
            <TextLine id="tr_1_tl_29" custom="readingOrder {index:17;}">
                <Coords points="313,1719 376,1717 439,1719 502,1719 565,1719 628,1719 691,1719 754,1720 817,1721 880,1721 943,1721 1006,1721 1069,1723 1132,1722 1195,1722 1258,1723 1321,1723 1384,1724 1447,1725 1510,1725 1573,1727 1573,1697 1510,1695 1447,1695 1384,1694 1321,1693 1258,1693 1195,1692 1132,1692 1069,1693 1006,1691 943,1691 880,1691 817,1691 754,1690 691,1689 628,1689 565,1689 502,1689 439,1689 376,1687 313,1689"/>
                <Baseline points="313,1709 376,1707 439,1709 502,1709 565,1709 628,1709 691,1709 754,1710 817,1711 880,1711 943,1711 1006,1711 1069,1713 1132,1712 1195,1712 1258,1713 1321,1713 1384,1714 1447,1715 1510,1715 1573,1717"/>
                <TextEquiv>
                    <Unicode>een paar pannetjes van hun eigen eten aan ons hebben afgestaan.
</Unicode>
                </TextEquiv>
            </TextLine>
            <TextLine id="tr_1_tl_30" custom="readingOrder {index:18;}">
                <Coords points="307,1753 370,1751 434,1753 497,1753 561,1753 624,1752 688,1753 751,1753 815,1755 878,1755 942,1755 1005,1756 1069,1755 1132,1756 1196,1755 1259,1756 1323,1757 1386,1757 1450,1757 1513,1757 1577,1759 1577,1729 1513,1727 1450,1727 1386,1727 1323,1727 1259,1726 1196,1725 1132,1726 1069,1725 1005,1726 942,1725 878,1725 815,1725 751,1723 688,1723 624,1722 561,1723 497,1723 434,1723 370,1721 307,1723"/>
                <Baseline points="307,1743 370,1741 434,1743 497,1743 561,1743 624,1742 688,1743 751,1743 815,1745 878,1745 942,1745 1005,1746 1069,1745 1132,1746 1196,1745 1259,1746 1323,1747 1386,1747 1450,1747 1513,1747 1577,1749"/>
                <TextEquiv>
                    <Unicode>Dit was natuurlijk als een druppel op een gloeiende plaat, doch
</Unicode>
                </TextEquiv>
            </TextLine>
            <TextLine id="tr_1_tl_31" custom="readingOrder {index:19;}">
                <Coords points="311,1787 375,1785 439,1785 503,1786 567,1785 631,1785 695,1785 759,1787 823,1787 887,1787 951,1789 1015,1789 1079,1789 1143,1789 1207,1789 1271,1789 1335,1791 1399,1791 1463,1791 1527,1792 1591,1793 1591,1763 1527,1762 1463,1761 1399,1761 1335,1761 1271,1759 1207,1759 1143,1759 1079,1759 1015,1759 951,1759 887,1757 823,1757 759,1757 695,1755 631,1755 567,1755 503,1756 439,1755 375,1755 311,1757"/>
                <Baseline points="311,1777 375,1775 439,1775 503,1776 567,1775 631,1775 695,1775 759,1777 823,1777 887,1777 951,1779 1015,1779 1079,1779 1143,1779 1207,1779 1271,1779 1335,1781 1399,1781 1463,1781 1527,1782 1591,1783"/>
                <TextEquiv>
                    <Unicode>het gebaar deed toch sympathiek aan. Ik heb nog een handje rijst
</Unicode>
                </TextEquiv>
            </TextLine>
            <TextLine id="tr_1_tl_32" custom="readingOrder {index:20;}">
                <Coords points="307,1819 373,1817 439,1819 505,1819 571,1819 637,1819 703,1819 769,1821 835,1821 901,1821 967,1823 1033,1823 1099,1823 1165,1823 1231,1823 1297,1823 1363,1825 1429,1825 1495,1825 1561,1825 1627,1827 1627,1797 1561,1795 1495,1795 1429,1795 1363,1795 1297,1793 1231,1793 1165,1793 1099,1793 1033,1793 967,1793 901,1791 835,1791 769,1791 703,1789 637,1789 571,1789 505,1789 439,1789 373,1787 307,1789"/>
                <Baseline points="307,1809 373,1807 439,1809 505,1809 571,1809 637,1809 703,1809 769,1811 835,1811 901,1811 967,1813 1033,1813 1099,1813 1165,1813 1231,1813 1297,1813 1363,1815 1429,1815 1495,1815 1561,1815 1627,1817"/>
                <TextEquiv>
                    <Unicode>weten te bemachtigen met een stukje vleesch, dat in een geheimzin-
</Unicode>
                </TextEquiv>
            </TextLine>
            <TextLine id="tr_1_tl_33" custom="readingOrder {index:21;}">
                <Coords points="307,1853 371,1853 435,1853 499,1853 564,1853 628,1853 692,1853 757,1855 821,1853 885,1854 950,1855 1014,1855 1078,1855 1142,1857 1207,1857 1271,1857 1335,1857 1400,1857 1464,1859 1528,1857 1593,1859 1593,1829 1528,1827 1464,1829 1400,1827 1335,1827 1271,1827 1207,1827 1142,1827 1078,1825 1014,1825 950,1825 885,1824 821,1823 757,1825 692,1823 628,1823 564,1823 499,1823 435,1823 371,1823 307,1823"/>
                <Baseline points="307,1843 371,1843 435,1843 499,1843 564,1843 628,1843 692,1843 757,1845 821,1843 885,1844 950,1845 1014,1845 1078,1845 1142,1847 1207,1847 1271,1847 1335,1847 1400,1847 1464,1849 1528,1847 1593,1849"/>
                <TextEquiv>
                    <Unicode>nige saus dreef. Lekker was het nu niet bepaald, maar ik heb aan
</Unicode>
                </TextEquiv>
            </TextLine>
            <TextLine id="tr_1_tl_34" custom="readingOrder {index:22;}">
                <Coords points="307,1885 373,1885 439,1887 505,1888 572,1887 638,1887 704,1887 771,1887 837,1888 903,1887 970,1887 1036,1888 1102,1889 1168,1889 1235,1891 1301,1891 1367,1891 1434,1891 1500,1893 1566,1893 1633,1895 1633,1865 1566,1863 1500,1863 1434,1861 1367,1861 1301,1861 1235,1861 1168,1859 1102,1859 1036,1858 970,1857 903,1857 837,1858 771,1857 704,1857 638,1857 572,1857 505,1858 439,1857 373,1855 307,1855"/>
                <Baseline points="307,1875 373,1875 439,1877 505,1878 572,1877 638,1877 704,1877 771,1877 837,1878 903,1877 970,1877 1036,1878 1102,1879 1168,1879 1235,1881 1301,1881 1367,1881 1434,1881 1500,1883 1566,1883 1633,1885"/>
                <TextEquiv>
                    <Unicode>den lijfe de juistheid van het spreekwoord ondervonden, dat honger
</Unicode>
                </TextEquiv>
            </TextLine>
            <TextLine id="tr_1_tl_35" custom="readingOrder {index:23;}">
                <Coords points="307,1919 370,1919 433,1919 496,1921 559,1921 623,1920 686,1921 749,1921 812,1921 875,1921 939,1921 1002,1921 1065,1923 1128,1923 1191,1923 1255,1924 1318,1924 1381,1925 1444,1927 1507,1927 1571,1925 1571,1895 1507,1897 1444,1897 1381,1895 1318,1894 1255,1894 1191,1893 1128,1893 1065,1893 1002,1891 939,1891 875,1891 812,1891 749,1891 686,1891 623,1890 559,1891 496,1891 433,1889 370,1889 307,1889"/>
                <Baseline points="307,1909 370,1909 433,1909 496,1911 559,1911 623,1910 686,1911 749,1911 812,1911 875,1911 939,1911 1002,1911 1065,1913 1128,1913 1191,1913 1255,1914 1318,1914 1381,1915 1444,1917 1507,1917 1571,1915"/>
                <TextEquiv>
                    <Unicode>rauwe boonen zoet maakt. Den volgenden morgen vroeg zijn we met
</Unicode>
                </TextEquiv>
            </TextLine>
            <TextLine id="tr_1_tl_36" custom="readingOrder {index:24;}">
                <Coords points="311,1953 371,1953 431,1953 491,1955 551,1955 611,1955 671,1955 731,1955 791,1957 851,1955 912,1955 972,1955 1032,1955 1092,1955 1152,1957 1212,1957 1272,1959 1332,1959 1392,1959 1452,1959 1513,1959 1513,1929 1452,1929 1392,1929 1332,1929 1272,1929 1212,1927 1152,1927 1092,1925 1032,1925 972,1925 912,1925 851,1925 791,1927 731,1925 671,1925 611,1925 551,1925 491,1925 431,1923 371,1923 311,1923"/>
                <Baseline points="311,1943 371,1943 431,1943 491,1945 551,1945 611,1945 671,1945 731,1945 791,1947 851,1945 912,1945 972,1945 1032,1945 1092,1945 1152,1947 1212,1947 1272,1949 1332,1949 1392,1949 1452,1949 1513,1949"/>
                <TextEquiv>
                    <Unicode>de heele troep, natuurlijk onder militaire bewaking naar het
</Unicode>
                </TextEquiv>
            </TextLine>
            <TextLine id="tr_1_tl_37" custom="readingOrder {index:25;}">
                <Coords points="307,1991 368,1985 429,1987 490,1987 552,1989 613,1989 674,1989 736,1989 797,1989 858,1989 920,1988 981,1989 1042,1991 1103,1991 1165,1992 1226,1992 1287,1991 1349,1993 1410,1993 1471,1993 1533,1995 1533,1965 1471,1963 1410,1963 1349,1963 1287,1961 1226,1962 1165,1962 1103,1961 1042,1961 981,1959 920,1958 858,1959 797,1959 736,1959 674,1959 613,1959 552,1959 490,1957 429,1957 368,1955 307,1961"/>
                <Baseline points="307,1981 368,1975 429,1977 490,1977 552,1979 613,1979 674,1979 736,1979 797,1979 858,1979 920,1978 981,1979 1042,1981 1103,1981 1165,1982 1226,1982 1287,1981 1349,1983 1410,1983 1471,1983 1533,1985"/>
                <TextEquiv>
                    <Unicode>gemeentehuis getippeld. Ik verzeker je, dat het mij vreemd te
</Unicode>
                </TextEquiv>
            </TextLine>
            <TextLine id="tr_1_tl_38" custom="readingOrder {index:26;} place {offset:59; length:6;}">
                <Coords points="305,2021 370,2019 436,2021 502,2022 568,2023 634,2023 700,2023 766,2023 832,2023 898,2021 964,2023 1029,2023 1095,2024 1161,2025 1227,2025 1293,2025 1359,2025 1425,2026 1491,2027 1557,2028 1623,2033 1623,2003 1557,1998 1491,1997 1425,1996 1359,1995 1293,1995 1227,1995 1161,1995 1095,1994 1029,1993 964,1993 898,1991 832,1993 766,1993 700,1993 634,1993 568,1993 502,1992 436,1991 370,1989 305,1991"/>
                <Baseline points="305,2011 370,2009 436,2011 502,2012 568,2013 634,2013 700,2013 766,2013 832,2013 898,2011 964,2013 1029,2013 1095,2014 1161,2015 1227,2015 1293,2015 1359,2015 1425,2016 1491,2017 1557,2018 1623,2023"/>
                <TextEquiv>
                    <Unicode>moede was om toen als gevangene de zoo bekende straten als Dinojo,</Unicode>
                </TextEquiv>
            </TextLine>
            <TextLine id="tr_1_tl_39" custom="readingOrder {index:27;} place {offset:0; length:9;} place {offset:13; length:6;}">
                <Coords points="303,2055 370,2053 438,2053 506,2055 574,2057 642,2056 709,2057 777,2057 845,2057 913,2056 981,2057 1048,2057 1116,2059 1184,2058 1252,2059 1320,2057 1387,2059 1455,2059 1523,2061 1591,2061 1659,2063 1659,2033 1591,2031 1523,2031 1455,2029 1387,2029 1320,2027 1252,2029 1184,2028 1116,2029 1048,2027 981,2027 913,2026 845,2027 777,2027 709,2027 642,2026 574,2027 506,2025 438,2023 370,2023 303,2025"/>
                <Baseline points="303,2045 370,2043 438,2043 506,2045 574,2047 642,2046 709,2047 777,2047 845,2047 913,2046 981,2047 1048,2047 1116,2049 1184,2048 1252,2049 1320,2047 1387,2049 1455,2049 1523,2051 1591,2051 1659,2053"/>
                <TextEquiv>
                    <Unicode>Kepoetran en Kajoon over te gaan, aangegaapt door troepen inlanders,</Unicode>
                </TextEquiv>
            </TextLine>
            <TextLine id="tr_1_tl_40" custom="readingOrder {index:28;}">
                <Coords points="307,2087 366,2087 426,2087 486,2089 546,2089 606,2089 666,2089 726,2089 786,2089 846,2089 906,2089 965,2089 1025,2091 1085,2091 1145,2091 1205,2091 1265,2091 1325,2091 1385,2093 1445,2093 1505,2097 1505,2067 1445,2063 1385,2063 1325,2061 1265,2061 1205,2061 1145,2061 1085,2061 1025,2061 965,2059 906,2059 846,2059 786,2059 726,2059 666,2059 606,2059 546,2059 486,2059 426,2057 366,2057 307,2057"/>
                <Baseline points="307,2077 366,2077 426,2077 486,2079 546,2079 606,2079 666,2079 726,2079 786,2079 846,2079 906,2079 965,2079 1025,2081 1085,2081 1145,2081 1205,2081 1265,2081 1325,2081 1385,2083 1445,2083 1505,2087"/>
                <TextEquiv>
                    <Unicode>die zich, naar men denkt, in onze vernedering verkneukelden.
</Unicode>
                </TextEquiv>
            </TextLine>
            <TextLine id="tr_1_tl_41" custom="readingOrder {index:29;}">
                <Coords points="305,2123 369,2119 433,2121 497,2121 561,2123 626,2123 690,2123 754,2123 818,2123 882,2123 947,2123 1011,2125 1075,2125 1139,2125 1203,2125 1268,2125 1332,2127 1396,2126 1460,2127 1524,2128 1589,2129 1589,2099 1524,2098 1460,2097 1396,2096 1332,2097 1268,2095 1203,2095 1139,2095 1075,2095 1011,2095 947,2093 882,2093 818,2093 754,2093 690,2093 626,2093 561,2093 497,2091 433,2091 369,2089 305,2093"/>
                <Baseline points="305,2113 369,2109 433,2111 497,2111 561,2113 626,2113 690,2113 754,2113 818,2113 882,2113 947,2113 1011,2115 1075,2115 1139,2115 1203,2115 1268,2115 1332,2117 1396,2116 1460,2117 1524,2118 1589,2119"/>
                <TextEquiv>
                    <Unicode>Natuurlijk waren wij te vroeg aan het gemeentehuis, zoodat we de
</Unicode>
                </TextEquiv>
            </TextLine>
            <TextEquiv>
                <Unicode></Unicode>
            </TextEquiv>
        </TextRegion>
    </Page>
</PcGts>
