<?xml version="1.0" encoding="UTF-8" standalone="yes"?>
<PcGts xmlns="http://schema.primaresearch.org/PAGE/gts/pagecontent/2013-07-15" xmlns:xsi="http://www.w3.org/2001/XMLSchema-instance" xsi:schemaLocation="http://schema.primaresearch.org/PAGE/gts/pagecontent/2013-07-15 http://schema.primaresearch.org/PAGE/gts/pagecontent/2013-07-15/pagecontent.xsd">
    <Metadata>
        <Creator>Transkribus</Creator>
        <Created>2024-10-04T16:38:55.175+02:00</Created>
        <LastChange>2024-10-17T14:59:13.985+02:00</LastChange>
        <TranskribusMetadata docId="4508828" pageId="79709990" pageNr="88" tsid="194347884" status="IN_PROGRESS" userId="297213" imgUrl="https://files.transkribus.eu/Get?id=ZBFBXPIWQFZMRXEZANLOZBKT&amp;fileType=view" xmlUrl="https://files.transkribus.eu/Get?id=BTETNWVRZSDHOQHYBBHWBMTN" imageId="65103920"/>
    </Metadata>
    <Page imageFilename="0088_NL-AsdNIOD_401_0161_0089.jpg" imageWidth="1714" imageHeight="2391">
        <ReadingOrder>
            <OrderedGroup id="ro_1729171050031" caption="Regions reading order">
                <RegionRefIndexed index="0" regionRef="tr_1"/>
                <RegionRefIndexed index="1" regionRef="r"/>
                <RegionRefIndexed index="2" regionRef="r_2814"/>
                <RegionRefIndexed index="3" regionRef="r_5364"/>
                <RegionRefIndexed index="4" regionRef="r_6778"/>
                <RegionRefIndexed index="5" regionRef="r_8100"/>
                <RegionRefIndexed index="6" regionRef="r_9149"/>
                <RegionRefIndexed index="7" regionRef="r_9150"/>
            </OrderedGroup>
        </ReadingOrder>
        <TextRegion orientation="0.0" id="tr_1" custom="readingOrder {index:0;} structure {type:paragraph;}">
            <Coords points="71,539 71,697 181,697 181,539"/>
            <TextLine id="tr_1_tl_1" custom="readingOrder {index:0;}">
                <Coords points="71,697 98,694 126,691 153,691 181,689 181,539 153,541 126,541 98,544 71,547"/>
                <Baseline points="71,647 98,644 126,641 153,641 181,639"/>
                <TextEquiv>
                    <Unicode>/niet</Unicode>
                </TextEquiv>
            </TextLine>
        </TextRegion>
        <TextRegion id="r" custom="readingOrder {index:1;} structure {type:paragraph;}">
            <Coords points="345,351 345,488 1645,488 1645,351"/>
            <TextLine id="tr_2_tl_1" custom="readingOrder {index:0;}">
                <Coords points="359,385 423,381 487,383 551,383 616,384 680,385 744,385 809,385 873,385 937,386 1002,387 1066,388 1130,388 1194,389 1259,389 1323,389 1387,391 1452,392 1516,392 1580,393 1645,395 1645,365 1580,363 1516,362 1452,362 1387,361 1323,359 1259,359 1194,359 1130,358 1066,358 1002,357 937,356 873,355 809,355 744,355 680,355 616,354 551,353 487,353 423,351 359,355"/>
                <Baseline points="359,375 423,371 487,373 551,373 616,374 680,375 744,375 809,375 873,375 937,376 1002,377 1066,378 1130,378 1194,379 1259,379 1323,379 1387,381 1452,382 1516,382 1580,383 1645,385"/>
                <TextEquiv>
                    <Unicode>Het schijnt, dat een Japansche generaal, die toevallig langs het
</Unicode>
                </TextEquiv>
            </TextLine>
            <TextLine id="tr_2_tl_2" custom="readingOrder {index:1;}">
                <Coords points="359,419 418,415 477,415 536,417 596,417 655,417 714,419 774,419 833,419 892,419 952,421 1011,421 1070,422 1129,423 1189,422 1248,423 1307,423 1367,423 1426,425 1485,425 1545,425 1545,395 1485,395 1426,395 1367,393 1307,393 1248,393 1189,392 1129,393 1070,392 1011,391 952,391 892,389 833,389 774,389 714,389 655,387 596,387 536,387 477,385 418,385 359,389"/>
                <Baseline points="359,409 418,405 477,405 536,407 596,407 655,407 714,409 774,409 833,409 892,409 952,411 1011,411 1070,412 1129,413 1189,412 1248,413 1307,413 1367,413 1426,415 1485,415 1545,415"/>
                <TextEquiv>
                    <Unicode>Jaarmarktterrein reed, aanstoot heeft genomen aan de schare
</Unicode>
                </TextEquiv>
            </TextLine>
            <TextLine id="tr_2_tl_3" custom="readingOrder {index:2;}">
                <Coords points="363,451 420,449 477,451 534,451 591,452 648,451 705,453 762,454 819,453 876,455 933,453 990,455 1047,455 1104,456 1161,457 1218,457 1275,458 1332,457 1389,457 1446,459 1503,461 1503,431 1446,429 1389,427 1332,427 1275,428 1218,427 1161,427 1104,426 1047,425 990,425 933,423 876,425 819,423 762,424 705,423 648,421 591,422 534,421 477,421 420,419 363,421"/>
                <Baseline points="363,441 420,439 477,441 534,441 591,442 648,441 705,443 762,444 819,443 876,445 933,443 990,445 1047,445 1104,446 1161,447 1218,447 1275,448 1332,447 1389,447 1446,449 1503,451"/>
                <TextEquiv>
                    <Unicode>trouwe echtgenooten, die zich voor de loketten stonden te</Unicode>
                </TextEquiv>
            </TextLine>
            <TextLine id="tr_2_tl_4" custom="readingOrder {index:3;}">
                <Coords points="363,485 390,483 418,485 445,485 473,485 500,486 528,486 555,486 583,487 583,457 555,456 528,456 500,456 473,455 445,455 418,455 390,453 363,455"/>
                <Baseline points="363,475 390,473 418,475 445,475 473,475 500,476 528,476 555,476 583,477"/>
                <TextEquiv>
                    <Unicode>verdringen.</Unicode>
                </TextEquiv>
            </TextLine>
            <TextEquiv>
                <Unicode></Unicode>
            </TextEquiv>
        </TextRegion>
        <TextRegion id="r_2814" custom="readingOrder {index:2;} structure {type:paragraph;}">
            <Coords points="345,488 345,1097 1645,1097 1645,488"/>
            <TextLine id="tr_2_tl_5" custom="readingOrder {index:0;}">
                <Coords points="461,519 517,519 573,519 629,520 685,519 741,520 797,521 853,521 909,521 965,521 1022,522 1078,524 1134,523 1190,523 1246,523 1302,523 1358,525 1414,525 1470,525 1526,527 1583,529 1583,499 1526,497 1470,495 1414,495 1358,495 1302,493 1246,493 1190,493 1134,493 1078,494 1022,492 965,491 909,491 853,491 797,491 741,490 685,489 629,490 573,489 517,489 461,489"/>
                <Baseline points="461,509 517,509 573,509 629,510 685,509 741,510 797,511 853,511 909,511 965,511 1022,512 1078,514 1134,513 1190,513 1246,513 1302,513 1358,515 1414,515 1470,515 1526,517 1583,519"/>
                <TextEquiv>
                    <Unicode>Gelukkig maar dat je zoo vaak geweest bent en dat ik ook</Unicode>
                </TextEquiv>
            </TextLine>
            <TextLine id="tr_2_tl_6" custom="readingOrder {index:1;}">
                <Coords points="357,553 419,551 481,553 543,555 606,553 668,553 730,555 793,556 855,556 917,555 980,557 1042,557 1104,557 1166,557 1229,557 1291,559 1353,559 1416,559 1478,561 1540,562 1603,567 1603,537 1540,532 1478,531 1416,529 1353,529 1291,529 1229,527 1166,527 1104,527 1042,527 980,527 917,525 855,526 793,526 730,525 668,523 606,523 543,525 481,523 419,521 357,523"/>
                <Baseline points="357,543 419,541 481,543 543,545 606,543 668,543 730,545 793,546 855,546 917,545 980,547 1042,547 1104,547 1166,547 1229,547 1291,549 1353,549 1416,549 1478,551 1540,552 1603,557"/>
                <TextEquiv>
                    <Unicode>Mieke nog een paar keer gezien hebt, zoodat ik hier voorloopig</Unicode>
                </TextEquiv>
            </TextLine>
            <TextLine id="tr_2_tl_7" custom="readingOrder {index:2;}">
                <Coords points="357,585 417,585 477,585 537,585 598,585 658,587 718,587 779,587 839,589 899,589 960,589 1020,589 1080,591 1140,591 1201,591 1261,591 1321,591 1382,591 1442,593 1502,595 1563,601 1563,571 1502,565 1442,563 1382,561 1321,561 1261,561 1201,561 1140,561 1080,561 1020,559 960,559 899,559 839,559 779,557 718,557 658,557 598,555 537,555 477,555 417,555 357,555"/>
                <Baseline points="357,575 417,575 477,575 537,575 598,575 658,577 718,577 779,577 839,579 899,579 960,579 1020,579 1080,581 1140,581 1201,581 1261,581 1321,581 1382,581 1442,583 1502,585 1563,591"/>
                <TextEquiv>
                    <Unicode>maar op moet teeren! Er is officieel niets van bekend of wij</Unicode>
                </TextEquiv>
            </TextLine>
            <TextLine id="tr_2_tl_8" custom="readingOrder {index:3;}">
                <Coords points="365,619 428,621 491,619 554,619 618,619 681,621 744,621 808,621 871,623 934,623 998,623 1061,623 1124,624 1187,623 1251,625 1314,625 1377,626 1441,625 1504,627 1567,627 1631,631 1631,601 1567,597 1504,597 1441,595 1377,596 1314,595 1251,595 1187,593 1124,594 1061,593 998,593 934,593 871,593 808,591 744,591 681,591 618,589 554,589 491,589 428,591 365,589"/>
                <Baseline points="365,609 428,611 491,609 554,609 618,609 681,611 744,611 808,611 871,613 934,613 998,613 1061,613 1124,614 1187,613 1251,615 1314,615 1377,616 1441,615 1504,617 1567,617 1631,621"/>
                <TextEquiv>
                    <Unicode>vrijgelaten zullen worden. Ik heb zoo'n idee, dat het de heeren</Unicode>
                </TextEquiv>
            </TextLine>
            <TextLine id="tr_2_tl_9" custom="readingOrder {index:4;}">
                <Coords points="361,651 421,653 481,653 541,653 601,653 662,655 722,653 782,655 842,655 902,655 963,655 1023,655 1083,657 1143,657 1203,659 1264,659 1324,659 1384,659 1444,659 1504,661 1565,661 1565,631 1504,631 1444,629 1384,629 1324,629 1264,629 1203,629 1143,627 1083,627 1023,625 963,625 902,625 842,625 782,625 722,623 662,625 601,623 541,623 481,623 421,623 361,621"/>
                <Baseline points="361,641 421,643 481,643 541,643 601,643 662,645 722,643 782,645 842,645 902,645 963,645 1023,645 1083,647 1143,647 1203,649 1264,649 1324,649 1384,649 1444,649 1504,651 1565,651"/>
                <TextEquiv>
                    <Unicode>J's al te best gaat want de bewaking hier is verscherpt. De</Unicode>
                </TextEquiv>
            </TextLine>
            <TextLine id="tr_2_tl_10" custom="readingOrder {index:5;}">
                <Coords points="359,687 419,685 479,687 540,687 600,687 661,687 721,687 781,689 842,689 902,689 963,689 1023,691 1083,691 1144,691 1204,693 1265,693 1325,693 1385,693 1446,693 1506,693 1567,695 1567,665 1506,663 1446,663 1385,663 1325,663 1265,663 1204,663 1144,661 1083,661 1023,661 963,659 902,659 842,659 781,659 721,657 661,657 600,657 540,657 479,657 419,655 359,657"/>
                <Baseline points="359,677 419,675 479,677 540,677 600,677 661,677 721,677 781,679 842,679 902,679 963,679 1023,681 1083,681 1144,681 1204,683 1265,683 1325,683 1385,683 1446,683 1506,683 1567,685"/>
                <TextEquiv>
                    <Unicode>Marine is verhuisd naar een kampement ergens op Darmo zoodat</Unicode>
                </TextEquiv>
            </TextLine>
            <TextLine id="tr_2_tl_11" custom="readingOrder {index:6;}">
                <Coords points="357,719 418,719 479,719 541,721 602,721 664,723 725,723 786,723 848,724 909,725 971,725 1032,726 1093,725 1155,726 1216,727 1278,727 1339,727 1400,727 1462,727 1523,729 1585,729 1585,699 1523,699 1462,697 1400,697 1339,697 1278,697 1216,697 1155,696 1093,695 1032,696 971,695 909,695 848,694 786,693 725,693 664,693 602,691 541,691 479,689 418,689 357,689"/>
                <Baseline points="357,709 418,709 479,709 541,711 602,711 664,713 725,713 786,713 848,714 909,715 971,715 1032,716 1093,715 1155,716 1216,717 1278,717 1339,717 1400,717 1462,717 1523,719 1585,719"/>
                <TextEquiv>
                    <Unicode>het hier aanmerkelijk leeger is geworden. Misschien houden ze</Unicode>
                </TextEquiv>
            </TextLine>
            <TextLine id="tr_2_tl_12" custom="readingOrder {index:7;}">
                <Coords points="363,753 425,753 488,753 551,755 613,755 676,755 739,755 801,756 864,757 927,757 990,759 1052,759 1115,759 1178,759 1240,759 1303,761 1366,761 1428,761 1491,763 1554,763 1617,769 1617,739 1554,733 1491,733 1428,731 1366,731 1303,731 1240,729 1178,729 1115,729 1052,729 990,729 927,727 864,727 801,726 739,725 676,725 613,725 551,725 488,723 425,723 363,723"/>
                <Baseline points="363,743 425,743 488,743 551,745 613,745 676,745 739,745 801,746 864,747 927,747 990,749 1052,749 1115,749 1178,749 1240,749 1303,751 1366,751 1428,751 1491,753 1554,753 1617,759"/>
                <TextEquiv>
                    <Unicode>ons ook wel aan, om de handen in de stad vrij te hebben. Enfin,</Unicode>
                </TextEquiv>
            </TextLine>
            <TextLine id="tr_2_tl_13" custom="readingOrder {index:8;}">
                <Coords points="363,787 422,785 481,787 540,787 599,787 658,787 717,789 776,791 835,789 894,790 954,792 1013,792 1072,791 1131,792 1190,792 1249,793 1308,793 1367,795 1426,795 1485,795 1545,797 1545,767 1485,765 1426,765 1367,765 1308,763 1249,763 1190,762 1131,762 1072,761 1013,762 954,762 894,760 835,759 776,761 717,759 658,757 599,757 540,757 481,757 422,755 363,757"/>
                <Baseline points="363,777 422,775 481,777 540,777 599,777 658,777 717,779 776,781 835,779 894,780 954,782 1013,782 1072,781 1131,782 1190,782 1249,783 1308,783 1367,785 1426,785 1485,785 1545,787"/>
                <TextEquiv>
                    <Unicode>we hebben maar af te wachten. Ik voel mee hier niet bepaald</Unicode>
                </TextEquiv>
            </TextLine>
            <TextLine id="tr_2_tl_14" custom="readingOrder {index:9;}">
                <Coords points="361,819 422,821 483,821 544,823 605,823 667,821 728,823 789,823 850,825 911,824 973,825 1034,826 1095,825 1156,825 1217,826 1279,827 1340,827 1401,828 1462,829 1523,829 1585,831 1585,801 1523,799 1462,799 1401,798 1340,797 1279,797 1217,796 1156,795 1095,795 1034,796 973,795 911,794 850,795 789,793 728,793 667,791 605,793 544,793 483,791 422,791 361,789"/>
                <Baseline points="361,809 422,811 483,811 544,813 605,813 667,811 728,813 789,813 850,815 911,814 973,815 1034,816 1095,815 1156,815 1217,816 1279,817 1340,817 1401,818 1462,819 1523,819 1585,821"/>
                <TextEquiv>
                    <Unicode>ongelukkig, zulks in tegenstelling tot vele anderen, voor wie</Unicode>
                </TextEquiv>
            </TextLine>
            <TextLine id="tr_2_tl_15" custom="readingOrder {index:10;}">
                <Coords points="357,855 420,853 483,853 546,854 609,855 672,855 735,855 798,856 861,857 924,857 987,857 1050,861 1113,861 1176,859 1239,861 1302,861 1365,861 1428,861 1491,863 1554,863 1617,869 1617,839 1554,833 1491,833 1428,831 1365,831 1302,831 1239,831 1176,829 1113,831 1050,831 987,827 924,827 861,827 798,826 735,825 672,825 609,825 546,824 483,823 420,823 357,825"/>
                <Baseline points="357,845 420,843 483,843 546,844 609,845 672,845 735,845 798,846 861,847 924,847 987,847 1050,851 1113,851 1176,849 1239,851 1302,851 1365,851 1428,851 1491,853 1554,853 1617,859"/>
                <TextEquiv>
                    <Unicode>het leven hier een ware beproeving is. Alleen de koelie arbeid,</Unicode>
                </TextEquiv>
            </TextLine>
            <TextLine id="tr_2_tl_16" custom="readingOrder {index:11;}">
                <Coords points="363,887 426,887 490,889 554,888 618,887 682,889 746,891 810,891 874,891 938,893 1002,893 1065,893 1129,893 1193,894 1257,895 1321,895 1385,895 1449,895 1513,898 1577,897 1641,899 1641,869 1577,867 1513,868 1449,865 1385,865 1321,865 1257,865 1193,864 1129,863 1065,863 1002,863 938,863 874,861 810,861 746,861 682,859 618,857 554,858 490,859 426,857 363,857"/>
                <Baseline points="363,877 426,877 490,879 554,878 618,877 682,879 746,881 810,881 874,881 938,883 1002,883 1065,883 1129,883 1193,884 1257,885 1321,885 1385,885 1449,885 1513,888 1577,887 1641,889"/>
                <TextEquiv>
                    <Unicode>die we gelukkig maar eens in de zooveel dagen moeten doen, staat</Unicode>
                </TextEquiv>
            </TextLine>
            <TextLine id="tr_2_tl_17" custom="readingOrder {index:12;}">
                <Coords points="353,921 413,919 473,919 533,921 594,921 654,923 714,925 775,923 835,925 895,925 956,925 1016,927 1076,927 1136,927 1197,927 1257,927 1317,929 1378,929 1438,931 1498,929 1559,931 1559,901 1498,899 1438,901 1378,899 1317,899 1257,897 1197,897 1136,897 1076,897 1016,897 956,895 895,895 835,895 775,893 714,895 654,893 594,891 533,891 473,889 413,889 353,891"/>
                <Baseline points="353,911 413,909 473,909 533,911 594,911 654,913 714,915 775,913 835,915 895,915 956,915 1016,917 1076,917 1136,917 1197,917 1257,917 1317,919 1378,919 1438,921 1498,919 1559,921"/>
                <TextEquiv>
                    <Unicode>me maar heel matig aan. Eergisteren hebben we b.v. verbrande</Unicode>
                </TextEquiv>
            </TextLine>
            <TextLine id="tr_2_tl_18" custom="readingOrder {index:13;}">
                <Coords points="359,955 420,955 482,955 544,955 606,955 668,957 730,957 792,959 854,959 916,960 978,960 1039,960 1101,961 1163,963 1225,961 1287,963 1349,963 1411,963 1473,963 1535,965 1597,969 1597,939 1535,935 1473,933 1411,933 1349,933 1287,933 1225,931 1163,933 1101,931 1039,930 978,930 916,930 854,929 792,929 730,927 668,927 606,925 544,925 482,925 420,925 359,925"/>
                <Baseline points="359,945 420,945 482,945 544,945 606,945 668,947 730,947 792,949 854,949 916,950 978,950 1039,950 1101,951 1163,953 1225,951 1287,953 1349,953 1411,953 1473,953 1535,955 1597,959"/>
                <TextEquiv>
                    <Unicode>benzine drums moeten laden in vrachtauto's op het BPM terrein.</Unicode>
                </TextEquiv>
            </TextLine>
            <TextLine id="tr_2_tl_19" custom="readingOrder {index:14;}">
                <Coords points="353,991 415,989 478,989 540,991 603,990 665,991 728,992 790,993 853,994 915,995 978,995 1040,995 1103,995 1165,997 1228,995 1290,997 1353,997 1415,997 1478,997 1540,999 1603,1001 1603,971 1540,969 1478,967 1415,967 1353,967 1290,967 1228,965 1165,967 1103,965 1040,965 978,965 915,965 853,964 790,963 728,962 665,961 603,960 540,961 478,959 415,959 353,961"/>
                <Baseline points="353,981 415,979 478,979 540,981 603,980 665,981 728,982 790,983 853,984 915,985 978,985 1040,985 1103,985 1165,987 1228,985 1290,987 1353,987 1415,987 1478,987 1540,989 1603,991"/>
                <TextEquiv>
                    <Unicode>Hoe ik er na afloop uitzag, kun je eenigszins afleiden uit het</Unicode>
                </TextEquiv>
            </TextLine>
            <TextLine id="tr_2_tl_20" custom="readingOrder {index:15;}">
                <Coords points="353,1025 416,1023 479,1025 542,1026 605,1026 668,1026 731,1027 794,1027 857,1029 920,1029 984,1029 1047,1029 1110,1029 1173,1031 1236,1031 1299,1031 1362,1031 1425,1033 1488,1033 1551,1033 1615,1033 1615,1003 1551,1003 1488,1003 1425,1003 1362,1001 1299,1001 1236,1001 1173,1001 1110,999 1047,999 984,999 920,999 857,999 794,997 731,997 668,996 605,996 542,996 479,995 416,993 353,995"/>
                <Baseline points="353,1015 416,1013 479,1015 542,1016 605,1016 668,1016 731,1017 794,1017 857,1019 920,1019 984,1019 1047,1019 1110,1019 1173,1021 1236,1021 1299,1021 1362,1021 1425,1023 1488,1023 1551,1023 1615,1023"/>
                <TextEquiv>
                    <Unicode>in dit pakje ingesloten, eertijds witte hemd, dat ik had aange-</Unicode>
                </TextEquiv>
            </TextLine>
            <TextLine id="tr_2_tl_21" custom="readingOrder {index:16;}">
                <Coords points="359,1059 422,1057 486,1057 550,1059 614,1059 678,1059 742,1059 806,1059 870,1061 934,1063 998,1063 1061,1063 1125,1063 1189,1063 1253,1065 1317,1065 1381,1065 1445,1065 1509,1066 1573,1067 1637,1071 1637,1041 1573,1037 1509,1036 1445,1035 1381,1035 1317,1035 1253,1035 1189,1033 1125,1033 1061,1033 998,1033 934,1033 870,1031 806,1029 742,1029 678,1029 614,1029 550,1029 486,1027 422,1027 359,1029"/>
                <Baseline points="359,1049 422,1047 486,1047 550,1049 614,1049 678,1049 742,1049 806,1049 870,1051 934,1053 998,1053 1061,1053 1125,1053 1189,1053 1253,1055 1317,1055 1381,1055 1445,1055 1509,1056 1573,1057 1637,1061"/>
                <TextEquiv>
                    <Unicode>daan om mijn armen tegen de zon te beschermen. Als het tenminste
</Unicode>
                </TextEquiv>
            </TextLine>
            <TextLine id="tr_2_tl_22" custom="readingOrder {index:17;}">
                <Coords points="355,1091 407,1090 460,1091 513,1091 566,1093 619,1093 672,1093 725,1093 778,1093 831,1096 884,1095 936,1095 989,1097 1042,1095 1095,1096 1148,1096 1201,1097 1254,1097 1307,1098 1360,1100 1413,1101 1413,1071 1360,1070 1307,1068 1254,1067 1201,1067 1148,1066 1095,1066 1042,1065 989,1067 936,1065 884,1065 831,1066 778,1063 725,1063 672,1063 619,1063 566,1063 513,1061 460,1061 407,1060 355,1061"/>
                <Baseline points="355,1081 407,1080 460,1081 513,1081 566,1083 619,1083 672,1083 725,1083 778,1083 831,1086 884,1085 936,1085 989,1087 1042,1085 1095,1086 1148,1086 1201,1087 1254,1087 1307,1088 1360,1090 1413,1091"/>
                <TextEquiv>
                    <Unicode>niet meer schoon te krijgen is gooi het dan maar weg.
</Unicode>
                </TextEquiv>
            </TextLine>
            <TextEquiv>
                <Unicode></Unicode>
            </TextEquiv>
        </TextRegion>
        <TextRegion id="r_5364" custom="readingOrder {index:3;} structure {type:paragraph;}">
            <Coords points="345,1097 345,1164 1645,1164 1645,1097"/>
            <TextLine id="tr_2_tl_23" custom="readingOrder {index:0;}">
                <Coords points="473,1121 527,1121 581,1122 635,1122 689,1123 744,1125 798,1127 852,1127 906,1127 960,1129 1015,1129 1069,1129 1123,1129 1177,1129 1231,1130 1286,1129 1340,1131 1394,1131 1448,1133 1502,1133 1557,1137 1557,1107 1502,1103 1448,1103 1394,1101 1340,1101 1286,1099 1231,1100 1177,1099 1123,1099 1069,1099 1015,1099 960,1099 906,1097 852,1097 798,1097 744,1095 689,1093 635,1092 581,1092 527,1091 473,1091"/>
                <Baseline points="473,1111 527,1111 581,1112 635,1112 689,1113 744,1115 798,1117 852,1117 906,1117 960,1119 1015,1119 1069,1119 1123,1119 1177,1119 1231,1120 1286,1119 1340,1121 1394,1121 1448,1123 1502,1123 1557,1127"/>
                <TextEquiv>
                    <Unicode>-------------volgt een lijst met wenschen waaronder veel</Unicode>
                </TextEquiv>
            </TextLine>
            <TextLine id="tr_2_tl_24" custom="readingOrder {index:1;}">
                <Coords points="353,1159 378,1157 403,1157 428,1158 453,1159 478,1159 503,1157 528,1159 553,1159 553,1129 528,1129 503,1127 478,1129 453,1129 428,1128 403,1127 378,1127 353,1129"/>
                <Baseline points="353,1149 378,1147 403,1147 428,1148 453,1149 478,1149 503,1147 528,1149 553,1149"/>
                <TextEquiv>
                    <Unicode>snoepgoed.</Unicode>
                </TextEquiv>
            </TextLine>
            <TextEquiv>
                <Unicode></Unicode>
            </TextEquiv>
        </TextRegion>
        <TextRegion id="r_6778" custom="readingOrder {index:4;} structure {type:paragraph;}">
            <Coords points="345,1164 345,1396 1645,1396 1645,1164"/>
            <TextLine id="tr_2_tl_25" custom="readingOrder {index:0;}">
                <Coords points="453,1191 509,1191 566,1191 622,1191 679,1191 735,1191 792,1193 848,1193 905,1193 961,1193 1018,1195 1074,1195 1131,1196 1187,1197 1244,1197 1300,1197 1357,1197 1413,1197 1470,1199 1526,1201 1583,1201 1583,1171 1526,1171 1470,1169 1413,1167 1357,1167 1300,1167 1244,1167 1187,1167 1131,1166 1074,1165 1018,1165 961,1163 905,1163 848,1163 792,1163 735,1161 679,1161 622,1161 566,1161 509,1161 453,1161"/>
                <Baseline points="453,1181 509,1181 566,1181 622,1181 679,1181 735,1181 792,1183 848,1183 905,1183 961,1183 1018,1185 1074,1185 1131,1186 1187,1187 1244,1187 1300,1187 1357,1187 1413,1187 1470,1189 1526,1191 1583,1191"/>
                <TextEquiv>
                    <Unicode>Ik heb constante behoefte aan zoetigheid, waarschijnlijk
</Unicode>
                </TextEquiv>
            </TextLine>
            <TextLine id="tr_2_tl_26" custom="readingOrder {index:1;}">
                <Coords points="353,1223 415,1223 477,1223 539,1223 602,1224 664,1225 726,1225 789,1227 851,1228 913,1228 976,1227 1038,1229 1100,1231 1162,1233 1225,1231 1287,1233 1349,1233 1412,1231 1474,1233 1536,1233 1599,1237 1599,1207 1536,1203 1474,1203 1412,1201 1349,1203 1287,1203 1225,1201 1162,1203 1100,1201 1038,1199 976,1197 913,1198 851,1198 789,1197 726,1195 664,1195 602,1194 539,1193 477,1193 415,1193 353,1193"/>
                <Baseline points="353,1213 415,1213 477,1213 539,1213 602,1214 664,1215 726,1215 789,1217 851,1218 913,1218 976,1217 1038,1219 1100,1221 1162,1223 1225,1221 1287,1223 1349,1223 1412,1221 1474,1223 1536,1223 1599,1227"/>
                <TextEquiv>
                    <Unicode>omdat we hier practisch geen suiker krijgen. Op kwantiteit zal
</Unicode>
                </TextEquiv>
            </TextLine>
            <TextLine id="tr_2_tl_27" custom="readingOrder {index:2;}">
                <Coords points="349,1259 384,1257 419,1258 454,1259 490,1259 525,1257 560,1257 596,1257 631,1257 666,1258 702,1259 737,1259 772,1261 807,1261 843,1261 878,1261 913,1261 949,1261 984,1261 1019,1262 1055,1265 1055,1235 1019,1232 984,1231 949,1231 913,1231 878,1231 843,1231 807,1231 772,1231 737,1229 702,1229 666,1228 631,1227 596,1227 560,1227 525,1227 490,1229 454,1229 419,1228 384,1227 349,1229"/>
                <Baseline points="349,1249 384,1247 419,1248 454,1249 490,1249 525,1247 560,1247 596,1247 631,1247 666,1248 702,1249 737,1249 772,1251 807,1251 843,1251 878,1251 913,1251 949,1251 984,1251 1019,1252 1055,1255"/>
                <TextEquiv>
                    <Unicode>meer gelet worden dan op kwaliteit!
</Unicode>
                </TextEquiv>
            </TextLine>
            <TextLine id="tr_2_tl_28" custom="readingOrder {index:3;}">
                <Coords points="455,1291 495,1291 535,1292 575,1293 615,1293 655,1293 695,1293 735,1295 775,1295 815,1295 856,1294 896,1295 936,1295 976,1295 1016,1296 1056,1297 1096,1297 1136,1297 1176,1297 1216,1298 1257,1299 1257,1269 1216,1268 1176,1267 1136,1267 1096,1267 1056,1267 1016,1266 976,1265 936,1265 896,1265 856,1264 815,1265 775,1265 735,1265 695,1263 655,1263 615,1263 575,1263 535,1262 495,1261 455,1261"/>
                <Baseline points="455,1281 495,1281 535,1282 575,1283 615,1283 655,1283 695,1283 735,1285 775,1285 815,1285 856,1284 896,1285 936,1285 976,1285 1016,1286 1056,1287 1096,1287 1136,1287 1176,1287 1216,1288 1257,1289"/>
                <TextEquiv>
                    <Unicode>Sterkte in je eenzaamheid en alles liefs
</Unicode>
                </TextEquiv>
            </TextLine>
            <TextLine id="tr_2_tl_29" custom="readingOrder {index:4;}">
                <Coords points="1049,1365 1076,1363 1103,1365 1131,1365 1158,1365 1185,1365 1213,1369 1213,1339 1185,1335 1158,1335 1131,1335 1103,1335 1076,1333 1049,1335"/>
                <Baseline points="1049,1355 1076,1353 1103,1355 1131,1355 1158,1355 1185,1355 1213,1359"/>
                <TextEquiv>
                    <Unicode>Je Guus.</Unicode>
                </TextEquiv>
            </TextLine>
            <TextEquiv>
                <Unicode></Unicode>
            </TextEquiv>
        </TextRegion>
        <TextRegion id="r_8100" custom="readingOrder {index:5;} structure {type:heading;}">
            <Coords points="345,1396 345,1545 1645,1545 1645,1396"/>
            <TextLine id="tr_2_tl_30" custom="readingOrder {index:0;}">
                <Coords points="1009,1533 1035,1530 1061,1530 1087,1531 1113,1530 1139,1530 1165,1531 1191,1533 1217,1531 1244,1531 1270,1531 1296,1531 1322,1531 1348,1531 1374,1531 1400,1533 1426,1533 1452,1531 1479,1533 1479,1503 1452,1501 1426,1503 1400,1503 1374,1501 1348,1501 1322,1501 1296,1501 1270,1501 1244,1501 1217,1501 1191,1503 1165,1501 1139,1500 1113,1500 1087,1501 1061,1500 1035,1500 1009,1503"/>
                <Baseline points="1009,1523 1035,1520 1061,1520 1087,1521 1113,1520 1139,1520 1165,1521 1191,1523 1217,1521 1244,1521 1270,1521 1296,1521 1322,1521 1348,1521 1374,1521 1400,1523 1426,1523 1452,1521 1479,1523"/>
                <TextEquiv>
                    <Unicode>Zaterdag, 28 Maart 1942</Unicode>
                </TextEquiv>
            </TextLine>
            <TextEquiv>
                <Unicode></Unicode>
            </TextEquiv>
        </TextRegion>
        <TextRegion id="r_9149" custom="readingOrder {index:6;} structure {type:paragraph;}">
            <Coords points="345,1545 345,1613 1645,1613 1645,1545"/>
            <TextLine id="tr_2_tl_31" custom="readingOrder {index:0;}">
                <Coords points="451,1593 476,1591 501,1591 527,1591 552,1591 577,1591 603,1593 628,1593 653,1593 679,1594 704,1596 729,1598 755,1601 755,1571 729,1568 704,1566 679,1564 653,1563 628,1563 603,1563 577,1561 552,1561 527,1561 501,1561 476,1561 451,1563"/>
                <Baseline points="451,1583 476,1581 501,1581 527,1581 552,1581 577,1581 603,1583 628,1583 653,1583 679,1584 704,1586 729,1588 755,1591"/>
                <TextEquiv>
                    <Unicode>Liefste Toosje,</Unicode>
                </TextEquiv>
            </TextLine>
            <TextEquiv>
                <Unicode></Unicode>
            </TextEquiv>
        </TextRegion>
        <TextRegion id="r_9150" custom="readingOrder {index:7;} structure {type:paragraph;}">
            <Coords points="345,1613 345,2131 1645,2131 1645,1613"/>
            <TextLine id="tr_2_tl_32" custom="readingOrder {index:0;}">
                <Coords points="455,1659 506,1657 557,1659 608,1657 659,1657 710,1659 761,1659 812,1659 863,1661 914,1661 966,1661 1017,1662 1068,1661 1119,1661 1170,1661 1221,1662 1272,1663 1323,1663 1374,1663 1425,1664 1477,1667 1477,1637 1425,1634 1374,1633 1323,1633 1272,1633 1221,1632 1170,1631 1119,1631 1068,1631 1017,1632 966,1631 914,1631 863,1631 812,1629 761,1629 710,1629 659,1627 608,1627 557,1629 506,1627 455,1629"/>
                <Baseline points="455,1649 506,1647 557,1649 608,1647 659,1647 710,1649 761,1649 812,1649 863,1651 914,1651 966,1651 1017,1652 1068,1651 1119,1651 1170,1651 1221,1652 1272,1653 1323,1653 1374,1653 1425,1654 1477,1657"/>
                <TextEquiv>
                    <Unicode>Sorry, dat ik nu al zoo lang niets van me heb laten
</Unicode>
                </TextEquiv>
            </TextLine>
            <TextLine id="tr_2_tl_33" custom="readingOrder {index:1;}">
                <Coords points="355,1691 418,1689 481,1689 544,1691 607,1691 670,1691 733,1692 796,1693 859,1695 922,1697 986,1695 1049,1695 1112,1695 1175,1695 1238,1695 1301,1696 1364,1697 1427,1697 1490,1699 1553,1699 1617,1701 1617,1671 1553,1669 1490,1669 1427,1667 1364,1667 1301,1666 1238,1665 1175,1665 1112,1665 1049,1665 986,1665 922,1667 859,1665 796,1663 733,1662 670,1661 607,1661 544,1661 481,1659 418,1659 355,1661"/>
                <Baseline points="355,1681 418,1679 481,1679 544,1681 607,1681 670,1681 733,1682 796,1683 859,1685 922,1687 986,1685 1049,1685 1112,1685 1175,1685 1238,1685 1301,1686 1364,1687 1427,1687 1490,1689 1553,1689 1617,1691"/>
                <TextEquiv>
                    <Unicode>hooren! Je zult evenwel wel gehoord hebben, dat het uitwisselen
</Unicode>
                </TextEquiv>
            </TextLine>
            <TextLine id="tr_2_tl_34" custom="readingOrder {index:2;}">
                <Coords points="353,1723 416,1723 479,1723 542,1725 606,1724 669,1725 732,1726 796,1727 859,1727 922,1727 986,1729 1049,1729 1112,1729 1175,1729 1239,1731 1302,1731 1365,1731 1429,1731 1492,1735 1555,1735 1619,1737 1619,1707 1555,1705 1492,1705 1429,1701 1365,1701 1302,1701 1239,1701 1175,1699 1112,1699 1049,1699 986,1699 922,1697 859,1697 796,1697 732,1696 669,1695 606,1694 542,1695 479,1693 416,1693 353,1693"/>
                <Baseline points="353,1713 416,1713 479,1713 542,1715 606,1714 669,1715 732,1716 796,1717 859,1717 922,1717 986,1719 1049,1719 1112,1719 1175,1719 1239,1721 1302,1721 1365,1721 1429,1721 1492,1725 1555,1725 1619,1727"/>
                <TextEquiv>
                    <Unicode>van pakjes en post gisteren en eergisteren gestopt is bij wijze
</Unicode>
                </TextEquiv>
            </TextLine>
            <TextLine id="tr_2_tl_35" custom="readingOrder {index:3;}">
                <Coords points="355,1757 419,1757 483,1757 547,1757 611,1757 676,1757 740,1759 804,1759 868,1761 932,1761 997,1761 1061,1761 1125,1761 1189,1763 1253,1763 1318,1765 1382,1765 1446,1766 1510,1766 1574,1768 1639,1767 1639,1737 1574,1738 1510,1736 1446,1736 1382,1735 1318,1735 1253,1733 1189,1733 1125,1731 1061,1731 997,1731 932,1731 868,1731 804,1729 740,1729 676,1727 611,1727 547,1727 483,1727 419,1727 355,1727"/>
                <Baseline points="355,1747 419,1747 483,1747 547,1747 611,1747 676,1747 740,1749 804,1749 868,1751 932,1751 997,1751 1061,1751 1125,1751 1189,1753 1253,1753 1318,1755 1382,1755 1446,1756 1510,1756 1574,1758 1639,1757"/>
                <TextEquiv>
                    <Unicode>van represaille voor het weglopen van twee Indische jongens, die
</Unicode>
                </TextEquiv>
            </TextLine>
            <TextLine id="tr_2_tl_36" custom="readingOrder {index:4;}">
                <Coords points="353,1789 413,1791 473,1791 533,1791 593,1791 653,1791 713,1791 773,1791 833,1793 893,1793 953,1793 1013,1795 1073,1795 1133,1795 1193,1795 1253,1797 1313,1797 1373,1797 1433,1797 1493,1799 1553,1803 1553,1773 1493,1769 1433,1767 1373,1767 1313,1767 1253,1767 1193,1765 1133,1765 1073,1765 1013,1765 953,1763 893,1763 833,1763 773,1761 713,1761 653,1761 593,1761 533,1761 473,1761 413,1761 353,1759"/>
                <Baseline points="353,1779 413,1781 473,1781 533,1781 593,1781 653,1781 713,1781 773,1781 833,1783 893,1783 953,1783 1013,1785 1073,1785 1133,1785 1193,1785 1253,1787 1313,1787 1373,1787 1433,1787 1493,1789 1553,1793"/>
                <TextEquiv>
                    <Unicode>tijdens het verrichten van werkzaamheden op Sawahan hun kans
</Unicode>
                </TextEquiv>
            </TextLine>
            <TextLine id="tr_2_tl_37" custom="readingOrder {index:5;}">
                <Coords points="349,1825 410,1823 471,1823 532,1823 593,1825 655,1825 716,1825 777,1825 838,1827 899,1827 961,1827 1022,1829 1083,1829 1144,1829 1205,1830 1267,1831 1328,1831 1389,1831 1450,1831 1511,1832 1573,1835 1573,1805 1511,1802 1450,1801 1389,1801 1328,1801 1267,1801 1205,1800 1144,1799 1083,1799 1022,1799 961,1797 899,1797 838,1797 777,1795 716,1795 655,1795 593,1795 532,1793 471,1793 410,1793 349,1795"/>
                <Baseline points="349,1815 410,1813 471,1813 532,1813 593,1815 655,1815 716,1815 777,1815 838,1817 899,1817 961,1817 1022,1819 1083,1819 1144,1819 1205,1820 1267,1821 1328,1821 1389,1821 1450,1821 1511,1822 1573,1825"/>
                <TextEquiv>
                    <Unicode>schoon hadden gezien. Veel plezier van deze ondoordachte daad
</Unicode>
                </TextEquiv>
            </TextLine>
            <TextLine id="tr_2_tl_38" custom="readingOrder {index:6;}">
                <Coords points="353,1857 415,1855 477,1857 539,1859 601,1857 663,1857 725,1858 787,1859 849,1859 911,1860 973,1861 1035,1861 1097,1863 1159,1863 1221,1865 1283,1865 1345,1865 1407,1865 1469,1865 1531,1866 1593,1871 1593,1841 1531,1836 1469,1835 1407,1835 1345,1835 1283,1835 1221,1835 1159,1833 1097,1833 1035,1831 973,1831 911,1830 849,1829 787,1829 725,1828 663,1827 601,1827 539,1829 477,1827 415,1825 353,1827"/>
                <Baseline points="353,1847 415,1845 477,1847 539,1849 601,1847 663,1847 725,1848 787,1849 849,1849 911,1850 973,1851 1035,1851 1097,1853 1159,1853 1221,1855 1283,1855 1345,1855 1407,1855 1469,1855 1531,1856 1593,1861"/>
                <TextEquiv>
                    <Unicode>hebben ze echter niet beleefd. Gelukkig zijn ze zoo verstandig
</Unicode>
                </TextEquiv>
            </TextLine>
            <TextLine id="tr_2_tl_39" custom="readingOrder {index:7;}">
                <Coords points="351,1895 411,1891 472,1891 533,1891 594,1891 655,1891 716,1891 777,1891 838,1893 899,1894 960,1894 1020,1895 1081,1895 1142,1896 1203,1898 1264,1898 1325,1897 1386,1898 1447,1899 1508,1899 1569,1901 1569,1871 1508,1869 1447,1869 1386,1868 1325,1867 1264,1868 1203,1868 1142,1866 1081,1865 1020,1865 960,1864 899,1864 838,1863 777,1861 716,1861 655,1861 594,1861 533,1861 472,1861 411,1861 351,1865"/>
                <Baseline points="351,1885 411,1881 472,1881 533,1881 594,1881 655,1881 716,1881 777,1881 838,1883 899,1884 960,1884 1020,1885 1081,1885 1142,1886 1203,1888 1264,1888 1325,1887 1386,1888 1447,1889 1508,1889 1569,1891"/>
                <TextEquiv>
                    <Unicode>geweest om maar met hangende pootjes terug te komen, waardoor
</Unicode>
                </TextEquiv>
            </TextLine>
            <TextLine id="tr_2_tl_40" custom="readingOrder {index:8;}">
                <Coords points="351,1925 411,1925 471,1925 532,1925 592,1925 653,1925 713,1925 773,1925 834,1925 894,1925 955,1927 1015,1927 1075,1929 1136,1929 1196,1929 1257,1931 1317,1931 1377,1931 1438,1931 1498,1933 1559,1935 1559,1905 1498,1903 1438,1901 1377,1901 1317,1901 1257,1901 1196,1899 1136,1899 1075,1899 1015,1897 955,1897 894,1895 834,1895 773,1895 713,1895 653,1895 592,1895 532,1895 471,1895 411,1895 351,1895"/>
                <Baseline points="351,1915 411,1915 471,1915 532,1915 592,1915 653,1915 713,1915 773,1915 834,1915 894,1915 955,1917 1015,1917 1075,1919 1136,1919 1196,1919 1257,1921 1317,1921 1377,1921 1438,1921 1498,1923 1559,1925"/>
                <TextEquiv>
                    <Unicode>ze een vrij zekere terechtstelling hebben voorkomen. Ze zijn
</Unicode>
                </TextEquiv>
            </TextLine>
            <TextLine id="tr_2_tl_41" custom="readingOrder {index:9;}">
                <Coords points="353,1959 414,1957 475,1959 536,1959 597,1959 658,1961 719,1959 780,1959 841,1960 902,1961 964,1962 1025,1963 1086,1963 1147,1964 1208,1965 1269,1965 1330,1965 1391,1965 1452,1967 1513,1967 1575,1969 1575,1939 1513,1937 1452,1937 1391,1935 1330,1935 1269,1935 1208,1935 1147,1934 1086,1933 1025,1933 964,1932 902,1931 841,1930 780,1929 719,1929 658,1931 597,1929 536,1929 475,1929 414,1927 353,1929"/>
                <Baseline points="353,1949 414,1947 475,1949 536,1949 597,1949 658,1951 719,1949 780,1949 841,1950 902,1951 964,1952 1025,1953 1086,1953 1147,1954 1208,1955 1269,1955 1330,1955 1391,1955 1452,1957 1513,1957 1575,1959"/>
                <TextEquiv>
                    <Unicode>tenminste nu gestraft met 14 dagen zwaar, na eerst een flinke
</Unicode>
                </TextEquiv>
            </TextLine>
            <TextLine id="tr_2_tl_42" custom="readingOrder {index:10;}">
                <Coords points="351,1993 411,1993 471,1993 531,1991 591,1993 651,1993 711,1993 771,1995 831,1995 891,1995 951,1995 1011,1997 1071,1997 1131,1999 1191,1999 1251,1999 1311,1999 1371,1999 1431,1999 1491,2001 1551,2003 1551,1973 1491,1971 1431,1969 1371,1969 1311,1969 1251,1969 1191,1969 1131,1969 1071,1967 1011,1967 951,1965 891,1965 831,1965 771,1965 711,1963 651,1963 591,1963 531,1961 471,1963 411,1963 351,1963"/>
                <Baseline points="351,1983 411,1983 471,1983 531,1981 591,1983 651,1983 711,1983 771,1985 831,1985 891,1985 951,1985 1011,1987 1071,1987 1131,1989 1191,1989 1251,1989 1311,1989 1371,1989 1431,1989 1491,1991 1551,1993"/>
                <TextEquiv>
                    <Unicode>aframmeling te hebben gekregen. Vervolgens hebben ze met  de
</Unicode>
                </TextEquiv>
            </TextLine>
            <TextLine id="tr_2_tl_43" custom="readingOrder {index:11;}">
                <Coords points="345,2027 405,2025 465,2027 526,2027 586,2027 647,2027 707,2029 767,2027 828,2027 888,2029 949,2029 1009,2029 1069,2031 1130,2031 1190,2031 1251,2033 1311,2033 1371,2033 1432,2035 1492,2033 1553,2035 1553,2005 1492,2003 1432,2005 1371,2003 1311,2003 1251,2003 1190,2001 1130,2001 1069,2001 1009,1999 949,1999 888,1999 828,1997 767,1997 707,1999 647,1997 586,1997 526,1997 465,1997 405,1995 345,1997"/>
                <Baseline points="345,2017 405,2015 465,2017 526,2017 586,2017 647,2017 707,2019 767,2017 828,2017 888,2019 949,2019 1009,2019 1069,2021 1130,2021 1190,2021 1251,2023 1311,2023 1371,2023 1432,2025 1492,2023 1553,2025"/>
                <TextEquiv>
                    <Unicode>handen op de rug geboeid, met ontbloot bovenlijf eenige uren
</Unicode>
                </TextEquiv>
            </TextLine>
            <TextLine id="tr_2_tl_44" custom="readingOrder {index:12;}">
                <Coords points="349,2059 412,2059 475,2059 538,2059 601,2059 664,2059 727,2060 790,2062 853,2063 916,2063 979,2063 1042,2065 1105,2063 1168,2065 1231,2065 1294,2065 1357,2065 1420,2067 1483,2067 1546,2067 1609,2067 1609,2037 1546,2037 1483,2037 1420,2037 1357,2035 1294,2035 1231,2035 1168,2035 1105,2033 1042,2035 979,2033 916,2033 853,2033 790,2032 727,2030 664,2029 601,2029 538,2029 475,2029 412,2029 349,2029"/>
                <Baseline points="349,2049 412,2049 475,2049 538,2049 601,2049 664,2049 727,2050 790,2052 853,2053 916,2053 979,2053 1042,2055 1105,2053 1168,2055 1231,2055 1294,2055 1357,2055 1420,2057 1483,2057 1546,2057 1609,2057"/>
                <TextEquiv>
                    <Unicode>op hun knieen moeten liggen. Je zult wel kunnen voorstellen wat
</Unicode>
                </TextEquiv>
            </TextLine>
            <TextLine id="tr_2_tl_45" custom="readingOrder {index:13;}">
                <Coords points="353,2091 414,2093 476,2093 538,2093 599,2095 661,2093 723,2093 784,2095 846,2095 908,2095 970,2096 1031,2097 1093,2097 1155,2099 1216,2099 1278,2099 1340,2101 1401,2101 1463,2101 1525,2101 1587,2103 1587,2073 1525,2071 1463,2071 1401,2071 1340,2071 1278,2069 1216,2069 1155,2069 1093,2067 1031,2067 970,2066 908,2065 846,2065 784,2065 723,2063 661,2063 599,2065 538,2063 476,2063 414,2063 353,2061"/>
                <Baseline points="353,2081 414,2083 476,2083 538,2083 599,2085 661,2083 723,2083 784,2085 846,2085 908,2085 970,2086 1031,2087 1093,2087 1155,2089 1216,2089 1278,2089 1340,2091 1401,2091 1463,2091 1525,2091 1587,2093"/>
                <TextEquiv>
                    <Unicode>een ellendig gezicht dat was! Een van de xxx knapen schijnt na</Unicode>
                </TextEquiv>
            </TextLine>
            <TextLine id="tr_2_tl_46" custom="readingOrder {index:14;}">
                <Coords points="349,2127 385,2125 421,2126 457,2127 493,2129 529,2127 565,2127 601,2128 637,2129 673,2127 709,2129 745,2129 781,2129 817,2129 853,2129 889,2129 925,2129 961,2131 997,2131 1033,2131 1069,2129 1069,2099 1033,2101 997,2101 961,2101 925,2099 889,2099 853,2099 817,2099 781,2099 745,2099 709,2099 673,2097 637,2099 601,2098 565,2097 529,2097 493,2099 457,2097 421,2096 385,2095 349,2097"/>
                <Baseline points="349,2117 385,2115 421,2116 457,2117 493,2119 529,2117 565,2117 601,2118 637,2119 673,2117 709,2119 745,2119 781,2119 817,2119 853,2119 889,2119 925,2119 961,2121 997,2121 1033,2121 1069,2119"/>
                <TextEquiv>
                    <Unicode>eenigen tijd flauw gevallen te zijn!
</Unicode>
                </TextEquiv>
            </TextLine>
            <TextEquiv>
                <Unicode></Unicode>
            </TextEquiv>
        </TextRegion>
    </Page>
</PcGts>
