<?xml version="1.0" encoding="UTF-8" standalone="yes"?>
<trpDocMetadata>
    <docId>4508828</docId>
    <title>Avis-Heelsteyn - Copy</title>
    <uploadTimestamp>1728295860204</uploadTimestamp>
    <uploader>j.aerts@uva.nl</uploader>
    <uploaderId>145668</uploaderId>
    <nrOfPages>101</nrOfPages>
    <pageId>79707747</pageId>
    <url>https://files.transkribus.eu/Get?fileType=view&amp;id=UWFFPONHOOBEDTPCOJZNHCAG</url>
    <thumbUrl>https://files.transkribus.eu/Get?fileType=thumb&amp;id=UWFFPONHOOBEDTPCOJZNHCAG</thumbUrl>
    <status>0</status>
    <fimgStoreColl>TrpDoc_DEA_4508828</fimgStoreColl>
    <origDocId>0</origDocId>
    <collectionList>
        <colList>
            <colId>1261261</colId>
            <colName>Datasprint 17/10/2024</colName>
            <description>created by j.aerts@uva.nl</description>
            <crowdsourcing>false</crowdsourcing>
            <elearning>false</elearning>
            <nrOfDocuments>0</nrOfDocuments>
        </colList>
    </collectionList>
    <mainColId>1261261</mainColId>
</trpDocMetadata>
