<?xml version="1.0" encoding="UTF-8" standalone="yes"?>
<ns3:mets xmlns:ns2="http://www.w3.org/1999/xlink" xmlns:ns3="http://www.loc.gov/METS/" xmlns:xsi="http://www.w3.org/2001/XMLSchema-instance" OBJID="4508828" LABEL="Avis-Heelsteyn - Copy" PROFILE="TRP_V1" xsi:schemaLocation="http://www.loc.gov/METS/ http://www.loc.gov/standards/mets/mets.xsd">
    <ns3:metsHdr CREATEDATE="2024-10-17T15:17:30.328+02:00" LASTMODDATE="2024-10-17T15:17:30.328+02:00" RECORDSTATUS="SUBMITTED">
        <ns3:agent ROLE="CREATOR" TYPE="ORGANIZATION">
            <ns3:name>UIBK</ns3:name>
            <ns3:note>This METS file was generated by Transkribus</ns3:note>
        </ns3:agent>
    </ns3:metsHdr>
    <ns3:amdSec ID="SOURCE">
        <ns3:sourceMD ID="MD_ORIG">
            <ns3:mdWrap ID="TRP_DOC_MD" MDTYPE="OTHER">
                <ns3:xmlData>
                    <trpDocMetadata>
                        <docId>4508828</docId>
                        <title>Avis-Heelsteyn - Copy</title>
                        <uploadTimestamp>1728295860204</uploadTimestamp>
                        <uploader>j.aerts@uva.nl</uploader>
                        <uploaderId>145668</uploaderId>
                        <nrOfPages>101</nrOfPages>
                        <pageId>79707747</pageId>
                        <url>https://files.transkribus.eu/Get?fileType=view&amp;id=UWFFPONHOOBEDTPCOJZNHCAG</url>
                        <thumbUrl>https://files.transkribus.eu/Get?fileType=thumb&amp;id=UWFFPONHOOBEDTPCOJZNHCAG</thumbUrl>
                        <status>0</status>
                        <fimgStoreColl>TrpDoc_DEA_4508828</fimgStoreColl>
                        <localFolder>/mnt/transkribus/export/TRP_EXPORT_15682478025216444712/4508828/Avis-Heelsteyn_-_Copy</localFolder>
                        <origDocId>0</origDocId>
                        <collectionList>
                            <colList>
<colId>1261261</colId>
<colName>Datasprint 17/10/2024</colName>
<description>created by j.aerts@uva.nl</description>
<crowdsourcing>false</crowdsourcing>
<elearning>false</elearning>
<nrOfDocuments>0</nrOfDocuments>
                            </colList>
                        </collectionList>
                        <mainColId>1261261</mainColId>
                    </trpDocMetadata>
                </ns3:xmlData>
            </ns3:mdWrap>
        </ns3:sourceMD>
    </ns3:amdSec>
    <ns3:fileSec>
        <ns3:fileGrp ID="MASTER">
            <ns3:fileGrp ID="PAGEXML">
                <ns3:file ID="PAGEXML_1" SEQ="1" MIMETYPE="application/xml" CREATED="2024-10-17T15:17:32.946+02:00" CHECKSUM="5ad978de12d0a5ffd7b20eaf48bdfebb" CHECKSUMTYPE="MD5">
                    <ns3:FLocat LOCTYPE="OTHER" OTHERLOCTYPE="FILE" ns2:type="simple" ns2:href="page/0001_NL-AsdNIOD_401_0161_0002.xml"/>
                </ns3:file>
                <ns3:file ID="PAGEXML_2" SEQ="2" MIMETYPE="application/xml" CREATED="2024-10-17T15:17:32.954+02:00" CHECKSUM="8675c956711a81680d92cb6e571a8d38" CHECKSUMTYPE="MD5">
                    <ns3:FLocat LOCTYPE="OTHER" OTHERLOCTYPE="FILE" ns2:type="simple" ns2:href="page/0002_NL-AsdNIOD_401_0161_0003.xml"/>
                </ns3:file>
                <ns3:file ID="PAGEXML_3" SEQ="3" MIMETYPE="application/xml" CREATED="2024-10-17T15:17:32.966+02:00" CHECKSUM="1272ac8199b31b020f0a1894c7cc0cfe" CHECKSUMTYPE="MD5">
                    <ns3:FLocat LOCTYPE="OTHER" OTHERLOCTYPE="FILE" ns2:type="simple" ns2:href="page/0003_NL-AsdNIOD_401_0161_0004.xml"/>
                </ns3:file>
                <ns3:file ID="PAGEXML_4" SEQ="4" MIMETYPE="application/xml" CREATED="2024-10-17T15:17:32.982+02:00" CHECKSUM="0537eeca7a8c5780646a121b822346e6" CHECKSUMTYPE="MD5">
                    <ns3:FLocat LOCTYPE="OTHER" OTHERLOCTYPE="FILE" ns2:type="simple" ns2:href="page/0004_NL-AsdNIOD_401_0161_0005.xml"/>
                </ns3:file>
                <ns3:file ID="PAGEXML_5" SEQ="5" MIMETYPE="application/xml" CREATED="2024-10-17T15:17:33.018+02:00" CHECKSUM="1328dc3c872524a3b26bbe17409e66c6" CHECKSUMTYPE="MD5">
                    <ns3:FLocat LOCTYPE="OTHER" OTHERLOCTYPE="FILE" ns2:type="simple" ns2:href="page/0005_NL-AsdNIOD_401_0161_0006.xml"/>
                </ns3:file>
                <ns3:file ID="PAGEXML_6" SEQ="6" MIMETYPE="application/xml" CREATED="2024-10-17T15:17:33.026+02:00" CHECKSUM="2057c88dd830de015b81079439310e39" CHECKSUMTYPE="MD5">
                    <ns3:FLocat LOCTYPE="OTHER" OTHERLOCTYPE="FILE" ns2:type="simple" ns2:href="page/0006_NL-AsdNIOD_401_0161_0007.xml"/>
                </ns3:file>
                <ns3:file ID="PAGEXML_7" SEQ="7" MIMETYPE="application/xml" CREATED="2024-10-17T15:17:33.034+02:00" CHECKSUM="c37b1d8fd51427c9d979ba95d08a8fcf" CHECKSUMTYPE="MD5">
                    <ns3:FLocat LOCTYPE="OTHER" OTHERLOCTYPE="FILE" ns2:type="simple" ns2:href="page/0007_NL-AsdNIOD_401_0161_0008.xml"/>
                </ns3:file>
                <ns3:file ID="PAGEXML_8" SEQ="8" MIMETYPE="application/xml" CREATED="2024-10-17T15:17:33.042+02:00" CHECKSUM="85c9b154ef8bb013517252805c095315" CHECKSUMTYPE="MD5">
                    <ns3:FLocat LOCTYPE="OTHER" OTHERLOCTYPE="FILE" ns2:type="simple" ns2:href="page/0008_NL-AsdNIOD_401_0161_0009.xml"/>
                </ns3:file>
                <ns3:file ID="PAGEXML_9" SEQ="9" MIMETYPE="application/xml" CREATED="2024-10-17T15:17:33.050+02:00" CHECKSUM="7d0a4f905d732b3d10bf5ba23a33f0dd" CHECKSUMTYPE="MD5">
                    <ns3:FLocat LOCTYPE="OTHER" OTHERLOCTYPE="FILE" ns2:type="simple" ns2:href="page/0009_NL-AsdNIOD_401_0161_0010.xml"/>
                </ns3:file>
                <ns3:file ID="PAGEXML_10" SEQ="10" MIMETYPE="application/xml" CREATED="2024-10-17T15:17:33.054+02:00" CHECKSUM="dbfe0de1b17ef1f4e0789cf8b1076b2f" CHECKSUMTYPE="MD5">
                    <ns3:FLocat LOCTYPE="OTHER" OTHERLOCTYPE="FILE" ns2:type="simple" ns2:href="page/0010_NL-AsdNIOD_401_0161_0011.xml"/>
                </ns3:file>
                <ns3:file ID="PAGEXML_11" SEQ="11" MIMETYPE="application/xml" CREATED="2024-10-17T15:17:33.066+02:00" CHECKSUM="ac51d1fe525006af49cdd2d8aca30046" CHECKSUMTYPE="MD5">
                    <ns3:FLocat LOCTYPE="OTHER" OTHERLOCTYPE="FILE" ns2:type="simple" ns2:href="page/0011_NL-AsdNIOD_401_0161_0012.xml"/>
                </ns3:file>
                <ns3:file ID="PAGEXML_12" SEQ="12" MIMETYPE="application/xml" CREATED="2024-10-17T15:17:33.074+02:00" CHECKSUM="affafc22490080c61c4432577053efa7" CHECKSUMTYPE="MD5">
                    <ns3:FLocat LOCTYPE="OTHER" OTHERLOCTYPE="FILE" ns2:type="simple" ns2:href="page/0012_NL-AsdNIOD_401_0161_0013.xml"/>
                </ns3:file>
                <ns3:file ID="PAGEXML_13" SEQ="13" MIMETYPE="application/xml" CREATED="2024-10-17T15:17:33.078+02:00" CHECKSUM="98a0bb63c746a3956ce851ba9f36aa7f" CHECKSUMTYPE="MD5">
                    <ns3:FLocat LOCTYPE="OTHER" OTHERLOCTYPE="FILE" ns2:type="simple" ns2:href="page/0013_NL-AsdNIOD_401_0161_0014.xml"/>
                </ns3:file>
                <ns3:file ID="PAGEXML_14" SEQ="14" MIMETYPE="application/xml" CREATED="2024-10-17T15:17:33.110+02:00" CHECKSUM="a84b5493d3d77325283cc41752da560d" CHECKSUMTYPE="MD5">
                    <ns3:FLocat LOCTYPE="OTHER" OTHERLOCTYPE="FILE" ns2:type="simple" ns2:href="page/0014_NL-AsdNIOD_401_0161_0015.xml"/>
                </ns3:file>
                <ns3:file ID="PAGEXML_15" SEQ="15" MIMETYPE="application/xml" CREATED="2024-10-17T15:17:33.118+02:00" CHECKSUM="520b8c8cc90bc374aea17a4339dece0c" CHECKSUMTYPE="MD5">
                    <ns3:FLocat LOCTYPE="OTHER" OTHERLOCTYPE="FILE" ns2:type="simple" ns2:href="page/0015_NL-AsdNIOD_401_0161_0016.xml"/>
                </ns3:file>
                <ns3:file ID="PAGEXML_16" SEQ="16" MIMETYPE="application/xml" CREATED="2024-10-17T15:17:33.126+02:00" CHECKSUM="21437d8ed5aff9d3a8af73fe601037e2" CHECKSUMTYPE="MD5">
                    <ns3:FLocat LOCTYPE="OTHER" OTHERLOCTYPE="FILE" ns2:type="simple" ns2:href="page/0016_NL-AsdNIOD_401_0161_0017.xml"/>
                </ns3:file>
                <ns3:file ID="PAGEXML_17" SEQ="17" MIMETYPE="application/xml" CREATED="2024-10-17T15:17:33.134+02:00" CHECKSUM="075a24ae2e8fe96ed533fc234d3523f1" CHECKSUMTYPE="MD5">
                    <ns3:FLocat LOCTYPE="OTHER" OTHERLOCTYPE="FILE" ns2:type="simple" ns2:href="page/0017_NL-AsdNIOD_401_0161_0018.xml"/>
                </ns3:file>
                <ns3:file ID="PAGEXML_18" SEQ="18" MIMETYPE="application/xml" CREATED="2024-10-17T15:17:33.142+02:00" CHECKSUM="800d1c2c218d69366c446c883c8ce8f7" CHECKSUMTYPE="MD5">
                    <ns3:FLocat LOCTYPE="OTHER" OTHERLOCTYPE="FILE" ns2:type="simple" ns2:href="page/0018_NL-AsdNIOD_401_0161_0019.xml"/>
                </ns3:file>
                <ns3:file ID="PAGEXML_19" SEQ="19" MIMETYPE="application/xml" CREATED="2024-10-17T15:17:33.146+02:00" CHECKSUM="30f83cd29761fd7f0e3a79b397ba750b" CHECKSUMTYPE="MD5">
                    <ns3:FLocat LOCTYPE="OTHER" OTHERLOCTYPE="FILE" ns2:type="simple" ns2:href="page/0019_NL-AsdNIOD_401_0161_0020.xml"/>
                </ns3:file>
                <ns3:file ID="PAGEXML_20" SEQ="20" MIMETYPE="application/xml" CREATED="2024-10-17T15:17:33.154+02:00" CHECKSUM="9aff453670aa515e17098076a0fc496d" CHECKSUMTYPE="MD5">
                    <ns3:FLocat LOCTYPE="OTHER" OTHERLOCTYPE="FILE" ns2:type="simple" ns2:href="page/0020_NL-AsdNIOD_401_0161_0021.xml"/>
                </ns3:file>
                <ns3:file ID="PAGEXML_21" SEQ="21" MIMETYPE="application/xml" CREATED="2024-10-17T15:17:33.162+02:00" CHECKSUM="f907a956b3b3f0796325540423ccbfce" CHECKSUMTYPE="MD5">
                    <ns3:FLocat LOCTYPE="OTHER" OTHERLOCTYPE="FILE" ns2:type="simple" ns2:href="page/0021_NL-AsdNIOD_401_0161_0022.xml"/>
                </ns3:file>
                <ns3:file ID="PAGEXML_22" SEQ="22" MIMETYPE="application/xml" CREATED="2024-10-17T15:17:33.170+02:00" CHECKSUM="ffca5cc3433194b10ef8f8921c2d917d" CHECKSUMTYPE="MD5">
                    <ns3:FLocat LOCTYPE="OTHER" OTHERLOCTYPE="FILE" ns2:type="simple" ns2:href="page/0022_NL-AsdNIOD_401_0161_0023.xml"/>
                </ns3:file>
                <ns3:file ID="PAGEXML_23" SEQ="23" MIMETYPE="application/xml" CREATED="2024-10-17T15:17:33.178+02:00" CHECKSUM="66c017366608fb21651db4b942ba81e4" CHECKSUMTYPE="MD5">
                    <ns3:FLocat LOCTYPE="OTHER" OTHERLOCTYPE="FILE" ns2:type="simple" ns2:href="page/0023_NL-AsdNIOD_401_0161_0024.xml"/>
                </ns3:file>
                <ns3:file ID="PAGEXML_24" SEQ="24" MIMETYPE="application/xml" CREATED="2024-10-17T15:17:33.190+02:00" CHECKSUM="f900740f41520b4dec72636f795903be" CHECKSUMTYPE="MD5">
                    <ns3:FLocat LOCTYPE="OTHER" OTHERLOCTYPE="FILE" ns2:type="simple" ns2:href="page/0024_NL-AsdNIOD_401_0161_0025.xml"/>
                </ns3:file>
                <ns3:file ID="PAGEXML_25" SEQ="25" MIMETYPE="application/xml" CREATED="2024-10-17T15:17:33.210+02:00" CHECKSUM="1dbc54892749d34a1b16a99fa244eebe" CHECKSUMTYPE="MD5">
                    <ns3:FLocat LOCTYPE="OTHER" OTHERLOCTYPE="FILE" ns2:type="simple" ns2:href="page/0025_NL-AsdNIOD_401_0161_0026.xml"/>
                </ns3:file>
                <ns3:file ID="PAGEXML_26" SEQ="26" MIMETYPE="application/xml" CREATED="2024-10-17T15:17:33.246+02:00" CHECKSUM="42a0c8b292ab7b2d97c9a7f3eea1f82a" CHECKSUMTYPE="MD5">
                    <ns3:FLocat LOCTYPE="OTHER" OTHERLOCTYPE="FILE" ns2:type="simple" ns2:href="page/0026_NL-AsdNIOD_401_0161_0027.xml"/>
                </ns3:file>
                <ns3:file ID="PAGEXML_27" SEQ="27" MIMETYPE="application/xml" CREATED="2024-10-17T15:17:33.270+02:00" CHECKSUM="cef693f470a889f02f9fac043c12cc14" CHECKSUMTYPE="MD5">
                    <ns3:FLocat LOCTYPE="OTHER" OTHERLOCTYPE="FILE" ns2:type="simple" ns2:href="page/0027_NL-AsdNIOD_401_0161_0028.xml"/>
                </ns3:file>
                <ns3:file ID="PAGEXML_28" SEQ="28" MIMETYPE="application/xml" CREATED="2024-10-17T15:17:33.290+02:00" CHECKSUM="5785acb6c87f454c5e437d0f90e9a379" CHECKSUMTYPE="MD5">
                    <ns3:FLocat LOCTYPE="OTHER" OTHERLOCTYPE="FILE" ns2:type="simple" ns2:href="page/0028_NL-AsdNIOD_401_0161_0029.xml"/>
                </ns3:file>
                <ns3:file ID="PAGEXML_29" SEQ="29" MIMETYPE="application/xml" CREATED="2024-10-17T15:17:33.314+02:00" CHECKSUM="6294a1803e13d62983b456afb91b1b3e" CHECKSUMTYPE="MD5">
                    <ns3:FLocat LOCTYPE="OTHER" OTHERLOCTYPE="FILE" ns2:type="simple" ns2:href="page/0029_NL-AsdNIOD_401_0161_0030.xml"/>
                </ns3:file>
                <ns3:file ID="PAGEXML_30" SEQ="30" MIMETYPE="application/xml" CREATED="2024-10-17T15:17:33.330+02:00" CHECKSUM="5f7cb6f690aed1e0725fdba6c7d23536" CHECKSUMTYPE="MD5">
                    <ns3:FLocat LOCTYPE="OTHER" OTHERLOCTYPE="FILE" ns2:type="simple" ns2:href="page/0030_NL-AsdNIOD_401_0161_0031.xml"/>
                </ns3:file>
                <ns3:file ID="PAGEXML_31" SEQ="31" MIMETYPE="application/xml" CREATED="2024-10-17T15:17:33.346+02:00" CHECKSUM="dbf112c990cec1ad60082996a4fbef6d" CHECKSUMTYPE="MD5">
                    <ns3:FLocat LOCTYPE="OTHER" OTHERLOCTYPE="FILE" ns2:type="simple" ns2:href="page/0031_NL-AsdNIOD_401_0161_0032.xml"/>
                </ns3:file>
                <ns3:file ID="PAGEXML_32" SEQ="32" MIMETYPE="application/xml" CREATED="2024-10-17T15:17:33.366+02:00" CHECKSUM="8f61693465cd1c29f45088ef1512879f" CHECKSUMTYPE="MD5">
                    <ns3:FLocat LOCTYPE="OTHER" OTHERLOCTYPE="FILE" ns2:type="simple" ns2:href="page/0032_NL-AsdNIOD_401_0161_0033.xml"/>
                </ns3:file>
                <ns3:file ID="PAGEXML_33" SEQ="33" MIMETYPE="application/xml" CREATED="2024-10-17T15:17:33.386+02:00" CHECKSUM="7dbe4fd194666f8c1297a2033c8e64ca" CHECKSUMTYPE="MD5">
                    <ns3:FLocat LOCTYPE="OTHER" OTHERLOCTYPE="FILE" ns2:type="simple" ns2:href="page/0033_NL-AsdNIOD_401_0161_0034.xml"/>
                </ns3:file>
                <ns3:file ID="PAGEXML_34" SEQ="34" MIMETYPE="application/xml" CREATED="2024-10-17T15:17:33.402+02:00" CHECKSUM="b98162dc0f89fa8f6a7f1b076f4d880f" CHECKSUMTYPE="MD5">
                    <ns3:FLocat LOCTYPE="OTHER" OTHERLOCTYPE="FILE" ns2:type="simple" ns2:href="page/0034_NL-AsdNIOD_401_0161_0035.xml"/>
                </ns3:file>
                <ns3:file ID="PAGEXML_35" SEQ="35" MIMETYPE="application/xml" CREATED="2024-10-17T15:17:33.422+02:00" CHECKSUM="d6f3151cffa8bef45f2c53834aabf95e" CHECKSUMTYPE="MD5">
                    <ns3:FLocat LOCTYPE="OTHER" OTHERLOCTYPE="FILE" ns2:type="simple" ns2:href="page/0035_NL-AsdNIOD_401_0161_0036.xml"/>
                </ns3:file>
                <ns3:file ID="PAGEXML_36" SEQ="36" MIMETYPE="application/xml" CREATED="2024-10-17T15:17:33.438+02:00" CHECKSUM="03039c39db651e931f254f3e8352cc25" CHECKSUMTYPE="MD5">
                    <ns3:FLocat LOCTYPE="OTHER" OTHERLOCTYPE="FILE" ns2:type="simple" ns2:href="page/0036_NL-AsdNIOD_401_0161_0037.xml"/>
                </ns3:file>
                <ns3:file ID="PAGEXML_37" SEQ="37" MIMETYPE="application/xml" CREATED="2024-10-17T15:17:33.454+02:00" CHECKSUM="3036d7ff48874b810ad4af00b3cb4ab2" CHECKSUMTYPE="MD5">
                    <ns3:FLocat LOCTYPE="OTHER" OTHERLOCTYPE="FILE" ns2:type="simple" ns2:href="page/0037_NL-AsdNIOD_401_0161_0038.xml"/>
                </ns3:file>
                <ns3:file ID="PAGEXML_38" SEQ="38" MIMETYPE="application/xml" CREATED="2024-10-17T15:17:33.466+02:00" CHECKSUM="4eb6e50a958b3c8565b44529c1b7b94d" CHECKSUMTYPE="MD5">
                    <ns3:FLocat LOCTYPE="OTHER" OTHERLOCTYPE="FILE" ns2:type="simple" ns2:href="page/0038_NL-AsdNIOD_401_0161_0039.xml"/>
                </ns3:file>
                <ns3:file ID="PAGEXML_39" SEQ="39" MIMETYPE="application/xml" CREATED="2024-10-17T15:17:33.482+02:00" CHECKSUM="13bff725f06224dd404b07cfff47d5d9" CHECKSUMTYPE="MD5">
                    <ns3:FLocat LOCTYPE="OTHER" OTHERLOCTYPE="FILE" ns2:type="simple" ns2:href="page/0039_NL-AsdNIOD_401_0161_0040.xml"/>
                </ns3:file>
                <ns3:file ID="PAGEXML_40" SEQ="40" MIMETYPE="application/xml" CREATED="2024-10-17T15:17:33.498+02:00" CHECKSUM="eb517976b50e9298c9ff70b146427079" CHECKSUMTYPE="MD5">
                    <ns3:FLocat LOCTYPE="OTHER" OTHERLOCTYPE="FILE" ns2:type="simple" ns2:href="page/0040_NL-AsdNIOD_401_0161_0041.xml"/>
                </ns3:file>
                <ns3:file ID="PAGEXML_41" SEQ="41" MIMETYPE="application/xml" CREATED="2024-10-17T15:17:33.510+02:00" CHECKSUM="33148ea2d94a89426aaaaac5e2a55f16" CHECKSUMTYPE="MD5">
                    <ns3:FLocat LOCTYPE="OTHER" OTHERLOCTYPE="FILE" ns2:type="simple" ns2:href="page/0041_NL-AsdNIOD_401_0161_0042.xml"/>
                </ns3:file>
                <ns3:file ID="PAGEXML_42" SEQ="42" MIMETYPE="application/xml" CREATED="2024-10-17T15:17:33.522+02:00" CHECKSUM="4ed08204a6142554875c29a0b67dbf3b" CHECKSUMTYPE="MD5">
                    <ns3:FLocat LOCTYPE="OTHER" OTHERLOCTYPE="FILE" ns2:type="simple" ns2:href="page/0042_NL-AsdNIOD_401_0161_0043.xml"/>
                </ns3:file>
                <ns3:file ID="PAGEXML_43" SEQ="43" MIMETYPE="application/xml" CREATED="2024-10-17T15:17:33.542+02:00" CHECKSUM="b4b5369e8d48385026d11314ab07c389" CHECKSUMTYPE="MD5">
                    <ns3:FLocat LOCTYPE="OTHER" OTHERLOCTYPE="FILE" ns2:type="simple" ns2:href="page/0043_NL-AsdNIOD_401_0161_0044.xml"/>
                </ns3:file>
                <ns3:file ID="PAGEXML_44" SEQ="44" MIMETYPE="application/xml" CREATED="2024-10-17T15:17:33.562+02:00" CHECKSUM="af4bde5d80297e2a6c118ef99d1ec12d" CHECKSUMTYPE="MD5">
                    <ns3:FLocat LOCTYPE="OTHER" OTHERLOCTYPE="FILE" ns2:type="simple" ns2:href="page/0044_NL-AsdNIOD_401_0161_0045.xml"/>
                </ns3:file>
                <ns3:file ID="PAGEXML_45" SEQ="45" MIMETYPE="application/xml" CREATED="2024-10-17T15:17:33.566+02:00" CHECKSUM="05fa6a47e699a2de94f55b9aa958e86d" CHECKSUMTYPE="MD5">
                    <ns3:FLocat LOCTYPE="OTHER" OTHERLOCTYPE="FILE" ns2:type="simple" ns2:href="page/0045_NL-AsdNIOD_401_0161_0046.xml"/>
                </ns3:file>
                <ns3:file ID="PAGEXML_46" SEQ="46" MIMETYPE="application/xml" CREATED="2024-10-17T15:17:33.574+02:00" CHECKSUM="bddca1626e8c2f3c3ffa51becef7bdf5" CHECKSUMTYPE="MD5">
                    <ns3:FLocat LOCTYPE="OTHER" OTHERLOCTYPE="FILE" ns2:type="simple" ns2:href="page/0046_NL-AsdNIOD_401_0161_0047.xml"/>
                </ns3:file>
                <ns3:file ID="PAGEXML_47" SEQ="47" MIMETYPE="application/xml" CREATED="2024-10-17T15:17:33.586+02:00" CHECKSUM="946587fe985d42d94a48d4fb5ad41d57" CHECKSUMTYPE="MD5">
                    <ns3:FLocat LOCTYPE="OTHER" OTHERLOCTYPE="FILE" ns2:type="simple" ns2:href="page/0047_NL-AsdNIOD_401_0161_0048.xml"/>
                </ns3:file>
                <ns3:file ID="PAGEXML_48" SEQ="48" MIMETYPE="application/xml" CREATED="2024-10-17T15:17:33.602+02:00" CHECKSUM="ccff2f5c3374a0239aa140ee8170981d" CHECKSUMTYPE="MD5">
                    <ns3:FLocat LOCTYPE="OTHER" OTHERLOCTYPE="FILE" ns2:type="simple" ns2:href="page/0048_NL-AsdNIOD_401_0161_0049.xml"/>
                </ns3:file>
                <ns3:file ID="PAGEXML_49" SEQ="49" MIMETYPE="application/xml" CREATED="2024-10-17T15:17:33.622+02:00" CHECKSUM="f26d0c4ae550fb48c5e8d3a836aad5a7" CHECKSUMTYPE="MD5">
                    <ns3:FLocat LOCTYPE="OTHER" OTHERLOCTYPE="FILE" ns2:type="simple" ns2:href="page/0049_NL-AsdNIOD_401_0161_0050.xml"/>
                </ns3:file>
                <ns3:file ID="PAGEXML_50" SEQ="50" MIMETYPE="application/xml" CREATED="2024-10-17T15:17:33.638+02:00" CHECKSUM="f371a247b77a4b6006cf2bfef4df8513" CHECKSUMTYPE="MD5">
                    <ns3:FLocat LOCTYPE="OTHER" OTHERLOCTYPE="FILE" ns2:type="simple" ns2:href="page/0050_NL-AsdNIOD_401_0161_0051.xml"/>
                </ns3:file>
                <ns3:file ID="PAGEXML_51" SEQ="51" MIMETYPE="application/xml" CREATED="2024-10-17T15:17:33.646+02:00" CHECKSUM="c2e17a5eadfc361b8d1689818ced7152" CHECKSUMTYPE="MD5">
                    <ns3:FLocat LOCTYPE="OTHER" OTHERLOCTYPE="FILE" ns2:type="simple" ns2:href="page/0051_NL-AsdNIOD_401_0161_0052.xml"/>
                </ns3:file>
                <ns3:file ID="PAGEXML_52" SEQ="52" MIMETYPE="application/xml" CREATED="2024-10-17T15:17:33.650+02:00" CHECKSUM="05c2090aee89ee6ff354385a26d691d1" CHECKSUMTYPE="MD5">
                    <ns3:FLocat LOCTYPE="OTHER" OTHERLOCTYPE="FILE" ns2:type="simple" ns2:href="page/0052_NL-AsdNIOD_401_0161_0053.xml"/>
                </ns3:file>
                <ns3:file ID="PAGEXML_53" SEQ="53" MIMETYPE="application/xml" CREATED="2024-10-17T15:17:33.658+02:00" CHECKSUM="0fc2b87e05582a19837fc9ca004f3e81" CHECKSUMTYPE="MD5">
                    <ns3:FLocat LOCTYPE="OTHER" OTHERLOCTYPE="FILE" ns2:type="simple" ns2:href="page/0053_NL-AsdNIOD_401_0161_0054.xml"/>
                </ns3:file>
                <ns3:file ID="PAGEXML_54" SEQ="54" MIMETYPE="application/xml" CREATED="2024-10-17T15:17:33.666+02:00" CHECKSUM="4473b11688fd4441e51d87bb8494cbed" CHECKSUMTYPE="MD5">
                    <ns3:FLocat LOCTYPE="OTHER" OTHERLOCTYPE="FILE" ns2:type="simple" ns2:href="page/0054_NL-AsdNIOD_401_0161_0055.xml"/>
                </ns3:file>
                <ns3:file ID="PAGEXML_55" SEQ="55" MIMETYPE="application/xml" CREATED="2024-10-17T15:17:33.674+02:00" CHECKSUM="5a7462cb02539977cd3a72ba936cf4f5" CHECKSUMTYPE="MD5">
                    <ns3:FLocat LOCTYPE="OTHER" OTHERLOCTYPE="FILE" ns2:type="simple" ns2:href="page/0055_NL-AsdNIOD_401_0161_0056.xml"/>
                </ns3:file>
                <ns3:file ID="PAGEXML_56" SEQ="56" MIMETYPE="application/xml" CREATED="2024-10-17T15:17:33.678+02:00" CHECKSUM="8148ce87bf5b986fa40414f9c7261d3b" CHECKSUMTYPE="MD5">
                    <ns3:FLocat LOCTYPE="OTHER" OTHERLOCTYPE="FILE" ns2:type="simple" ns2:href="page/0056_NL-AsdNIOD_401_0161_0057.xml"/>
                </ns3:file>
                <ns3:file ID="PAGEXML_57" SEQ="57" MIMETYPE="application/xml" CREATED="2024-10-17T15:17:33.686+02:00" CHECKSUM="c1678dcec4361aef660ab2a37bc72f6f" CHECKSUMTYPE="MD5">
                    <ns3:FLocat LOCTYPE="OTHER" OTHERLOCTYPE="FILE" ns2:type="simple" ns2:href="page/0057_NL-AsdNIOD_401_0161_0058.xml"/>
                </ns3:file>
                <ns3:file ID="PAGEXML_58" SEQ="58" MIMETYPE="application/xml" CREATED="2024-10-17T15:17:33.714+02:00" CHECKSUM="9ced17dbcd1ba4c078e9c59e912e8926" CHECKSUMTYPE="MD5">
                    <ns3:FLocat LOCTYPE="OTHER" OTHERLOCTYPE="FILE" ns2:type="simple" ns2:href="page/0058_NL-AsdNIOD_401_0161_0059.xml"/>
                </ns3:file>
                <ns3:file ID="PAGEXML_59" SEQ="59" MIMETYPE="application/xml" CREATED="2024-10-17T15:17:33.730+02:00" CHECKSUM="7ef4b20ef9aa7f6da3fddb900b90bf12" CHECKSUMTYPE="MD5">
                    <ns3:FLocat LOCTYPE="OTHER" OTHERLOCTYPE="FILE" ns2:type="simple" ns2:href="page/0059_NL-AsdNIOD_401_0161_0060.xml"/>
                </ns3:file>
                <ns3:file ID="PAGEXML_60" SEQ="60" MIMETYPE="application/xml" CREATED="2024-10-17T15:17:33.734+02:00" CHECKSUM="759c29ff307e9a93ae858507d52b855d" CHECKSUMTYPE="MD5">
                    <ns3:FLocat LOCTYPE="OTHER" OTHERLOCTYPE="FILE" ns2:type="simple" ns2:href="page/0060_NL-AsdNIOD_401_0161_0061.xml"/>
                </ns3:file>
                <ns3:file ID="PAGEXML_61" SEQ="61" MIMETYPE="application/xml" CREATED="2024-10-17T15:17:33.742+02:00" CHECKSUM="cb2ef0c74ded344bba0a50c85f3e7993" CHECKSUMTYPE="MD5">
                    <ns3:FLocat LOCTYPE="OTHER" OTHERLOCTYPE="FILE" ns2:type="simple" ns2:href="page/0061_NL-AsdNIOD_401_0161_0062.xml"/>
                </ns3:file>
                <ns3:file ID="PAGEXML_62" SEQ="62" MIMETYPE="application/xml" CREATED="2024-10-17T15:17:33.750+02:00" CHECKSUM="7e945aa03ee39a5dcd4c369c81cb4309" CHECKSUMTYPE="MD5">
                    <ns3:FLocat LOCTYPE="OTHER" OTHERLOCTYPE="FILE" ns2:type="simple" ns2:href="page/0062_NL-AsdNIOD_401_0161_0063.xml"/>
                </ns3:file>
                <ns3:file ID="PAGEXML_63" SEQ="63" MIMETYPE="application/xml" CREATED="2024-10-17T15:17:33.770+02:00" CHECKSUM="c5d6a75261ed47fec59b0266dedb73f3" CHECKSUMTYPE="MD5">
                    <ns3:FLocat LOCTYPE="OTHER" OTHERLOCTYPE="FILE" ns2:type="simple" ns2:href="page/0063_NL-AsdNIOD_401_0161_0064.xml"/>
                </ns3:file>
                <ns3:file ID="PAGEXML_64" SEQ="64" MIMETYPE="application/xml" CREATED="2024-10-17T15:17:33.778+02:00" CHECKSUM="d22e0abf85087b29b8586e4a1cbc0e91" CHECKSUMTYPE="MD5">
                    <ns3:FLocat LOCTYPE="OTHER" OTHERLOCTYPE="FILE" ns2:type="simple" ns2:href="page/0064_NL-AsdNIOD_401_0161_0065.xml"/>
                </ns3:file>
                <ns3:file ID="PAGEXML_65" SEQ="65" MIMETYPE="application/xml" CREATED="2024-10-17T15:17:33.782+02:00" CHECKSUM="c0cc8724a79146f274edf6a30ed3f638" CHECKSUMTYPE="MD5">
                    <ns3:FLocat LOCTYPE="OTHER" OTHERLOCTYPE="FILE" ns2:type="simple" ns2:href="page/0065_NL-AsdNIOD_401_0161_0066.xml"/>
                </ns3:file>
                <ns3:file ID="PAGEXML_66" SEQ="66" MIMETYPE="application/xml" CREATED="2024-10-17T15:17:33.790+02:00" CHECKSUM="333ca6340f7f47b4bee0b27c6401e7de" CHECKSUMTYPE="MD5">
                    <ns3:FLocat LOCTYPE="OTHER" OTHERLOCTYPE="FILE" ns2:type="simple" ns2:href="page/0066_NL-AsdNIOD_401_0161_0067.xml"/>
                </ns3:file>
                <ns3:file ID="PAGEXML_67" SEQ="67" MIMETYPE="application/xml" CREATED="2024-10-17T15:17:33.798+02:00" CHECKSUM="5801c146978780b7db4022ded92c7883" CHECKSUMTYPE="MD5">
                    <ns3:FLocat LOCTYPE="OTHER" OTHERLOCTYPE="FILE" ns2:type="simple" ns2:href="page/0067_NL-AsdNIOD_401_0161_0068.xml"/>
                </ns3:file>
                <ns3:file ID="PAGEXML_68" SEQ="68" MIMETYPE="application/xml" CREATED="2024-10-17T15:17:33.806+02:00" CHECKSUM="4406b7fc54f1f8573f7f48fa44bbc6b9" CHECKSUMTYPE="MD5">
                    <ns3:FLocat LOCTYPE="OTHER" OTHERLOCTYPE="FILE" ns2:type="simple" ns2:href="page/0068_NL-AsdNIOD_401_0161_0069.xml"/>
                </ns3:file>
                <ns3:file ID="PAGEXML_69" SEQ="69" MIMETYPE="application/xml" CREATED="2024-10-17T15:17:33.814+02:00" CHECKSUM="8148ab01c6fce7c6fdb33178c7ada0ba" CHECKSUMTYPE="MD5">
                    <ns3:FLocat LOCTYPE="OTHER" OTHERLOCTYPE="FILE" ns2:type="simple" ns2:href="page/0069_NL-AsdNIOD_401_0161_0070.xml"/>
                </ns3:file>
                <ns3:file ID="PAGEXML_70" SEQ="70" MIMETYPE="application/xml" CREATED="2024-10-17T15:17:33.822+02:00" CHECKSUM="b3574488e98833d38b3cc1d74f8ca8a8" CHECKSUMTYPE="MD5">
                    <ns3:FLocat LOCTYPE="OTHER" OTHERLOCTYPE="FILE" ns2:type="simple" ns2:href="page/0070_NL-AsdNIOD_401_0161_0071.xml"/>
                </ns3:file>
                <ns3:file ID="PAGEXML_71" SEQ="71" MIMETYPE="application/xml" CREATED="2024-10-17T15:17:33.830+02:00" CHECKSUM="3fdd99acec148f35ed811d3cec95911a" CHECKSUMTYPE="MD5">
                    <ns3:FLocat LOCTYPE="OTHER" OTHERLOCTYPE="FILE" ns2:type="simple" ns2:href="page/0071_NL-AsdNIOD_401_0161_0072.xml"/>
                </ns3:file>
                <ns3:file ID="PAGEXML_72" SEQ="72" MIMETYPE="application/xml" CREATED="2024-10-17T15:17:33.834+02:00" CHECKSUM="74f033aa021d39429867af1016d10fe0" CHECKSUMTYPE="MD5">
                    <ns3:FLocat LOCTYPE="OTHER" OTHERLOCTYPE="FILE" ns2:type="simple" ns2:href="page/0072_NL-AsdNIOD_401_0161_0073.xml"/>
                </ns3:file>
                <ns3:file ID="PAGEXML_73" SEQ="73" MIMETYPE="application/xml" CREATED="2024-10-17T15:17:33.842+02:00" CHECKSUM="eca424a3e9d71f16b48cfad059a81ff4" CHECKSUMTYPE="MD5">
                    <ns3:FLocat LOCTYPE="OTHER" OTHERLOCTYPE="FILE" ns2:type="simple" ns2:href="page/0073_NL-AsdNIOD_401_0161_0074.xml"/>
                </ns3:file>
                <ns3:file ID="PAGEXML_74" SEQ="74" MIMETYPE="application/xml" CREATED="2024-10-17T15:17:33.854+02:00" CHECKSUM="c263f1e5db737a42b6c2001fe3e87dac" CHECKSUMTYPE="MD5">
                    <ns3:FLocat LOCTYPE="OTHER" OTHERLOCTYPE="FILE" ns2:type="simple" ns2:href="page/0074_NL-AsdNIOD_401_0161_0075.xml"/>
                </ns3:file>
                <ns3:file ID="PAGEXML_75" SEQ="75" MIMETYPE="application/xml" CREATED="2024-10-17T15:17:33.862+02:00" CHECKSUM="43d83c94dc0b09de8a6c7c12a6e2ef31" CHECKSUMTYPE="MD5">
                    <ns3:FLocat LOCTYPE="OTHER" OTHERLOCTYPE="FILE" ns2:type="simple" ns2:href="page/0075_NL-AsdNIOD_401_0161_0076.xml"/>
                </ns3:file>
                <ns3:file ID="PAGEXML_76" SEQ="76" MIMETYPE="application/xml" CREATED="2024-10-17T15:17:33.874+02:00" CHECKSUM="f36a97d8838f10d821c674ff617e21b5" CHECKSUMTYPE="MD5">
                    <ns3:FLocat LOCTYPE="OTHER" OTHERLOCTYPE="FILE" ns2:type="simple" ns2:href="page/0076_NL-AsdNIOD_401_0161_0077.xml"/>
                </ns3:file>
                <ns3:file ID="PAGEXML_77" SEQ="77" MIMETYPE="application/xml" CREATED="2024-10-17T15:17:33.882+02:00" CHECKSUM="8fb585ac66c493d638b1486fa6295409" CHECKSUMTYPE="MD5">
                    <ns3:FLocat LOCTYPE="OTHER" OTHERLOCTYPE="FILE" ns2:type="simple" ns2:href="page/0077_NL-AsdNIOD_401_0161_0078.xml"/>
                </ns3:file>
                <ns3:file ID="PAGEXML_78" SEQ="78" MIMETYPE="application/xml" CREATED="2024-10-17T15:17:33.886+02:00" CHECKSUM="0348144d9111468e51f35472b439a173" CHECKSUMTYPE="MD5">
                    <ns3:FLocat LOCTYPE="OTHER" OTHERLOCTYPE="FILE" ns2:type="simple" ns2:href="page/0078_NL-AsdNIOD_401_0161_0079.xml"/>
                </ns3:file>
                <ns3:file ID="PAGEXML_79" SEQ="79" MIMETYPE="application/xml" CREATED="2024-10-17T15:17:33.894+02:00" CHECKSUM="fd6f8351658814334d1096a75bba35ec" CHECKSUMTYPE="MD5">
                    <ns3:FLocat LOCTYPE="OTHER" OTHERLOCTYPE="FILE" ns2:type="simple" ns2:href="page/0079_NL-AsdNIOD_401_0161_0080.xml"/>
                </ns3:file>
                <ns3:file ID="PAGEXML_80" SEQ="80" MIMETYPE="application/xml" CREATED="2024-10-17T15:17:33.902+02:00" CHECKSUM="657b6459e49a0c3c2dfd33472b767a3a" CHECKSUMTYPE="MD5">
                    <ns3:FLocat LOCTYPE="OTHER" OTHERLOCTYPE="FILE" ns2:type="simple" ns2:href="page/0080_NL-AsdNIOD_401_0161_0081.xml"/>
                </ns3:file>
                <ns3:file ID="PAGEXML_81" SEQ="81" MIMETYPE="application/xml" CREATED="2024-10-17T15:17:33.910+02:00" CHECKSUM="641a99c9ff2043308358ae15f404afe3" CHECKSUMTYPE="MD5">
                    <ns3:FLocat LOCTYPE="OTHER" OTHERLOCTYPE="FILE" ns2:type="simple" ns2:href="page/0081_NL-AsdNIOD_401_0161_0082.xml"/>
                </ns3:file>
                <ns3:file ID="PAGEXML_82" SEQ="82" MIMETYPE="application/xml" CREATED="2024-10-17T15:17:33.914+02:00" CHECKSUM="9da63fcfd43e83a4ccf8b46529ca44b0" CHECKSUMTYPE="MD5">
                    <ns3:FLocat LOCTYPE="OTHER" OTHERLOCTYPE="FILE" ns2:type="simple" ns2:href="page/0082_NL-AsdNIOD_401_0161_0083.xml"/>
                </ns3:file>
                <ns3:file ID="PAGEXML_83" SEQ="83" MIMETYPE="application/xml" CREATED="2024-10-17T15:17:33.922+02:00" CHECKSUM="dee98d3523c536b6a3b2edf4e58d38c9" CHECKSUMTYPE="MD5">
                    <ns3:FLocat LOCTYPE="OTHER" OTHERLOCTYPE="FILE" ns2:type="simple" ns2:href="page/0083_NL-AsdNIOD_401_0161_0084.xml"/>
                </ns3:file>
                <ns3:file ID="PAGEXML_84" SEQ="84" MIMETYPE="application/xml" CREATED="2024-10-17T15:17:33.930+02:00" CHECKSUM="d52730075389284ec262527f164f60e9" CHECKSUMTYPE="MD5">
                    <ns3:FLocat LOCTYPE="OTHER" OTHERLOCTYPE="FILE" ns2:type="simple" ns2:href="page/0084_NL-AsdNIOD_401_0161_0085.xml"/>
                </ns3:file>
                <ns3:file ID="PAGEXML_85" SEQ="85" MIMETYPE="application/xml" CREATED="2024-10-17T15:17:33.938+02:00" CHECKSUM="10783afcaeaed1c105458b6b27744b0a" CHECKSUMTYPE="MD5">
                    <ns3:FLocat LOCTYPE="OTHER" OTHERLOCTYPE="FILE" ns2:type="simple" ns2:href="page/0085_NL-AsdNIOD_401_0161_0086.xml"/>
                </ns3:file>
                <ns3:file ID="PAGEXML_86" SEQ="86" MIMETYPE="application/xml" CREATED="2024-10-17T15:17:33.962+02:00" CHECKSUM="e38f72b1cadd11b15e67a72dc261c09c" CHECKSUMTYPE="MD5">
                    <ns3:FLocat LOCTYPE="OTHER" OTHERLOCTYPE="FILE" ns2:type="simple" ns2:href="page/0086_NL-AsdNIOD_401_0161_0087.xml"/>
                </ns3:file>
                <ns3:file ID="PAGEXML_87" SEQ="87" MIMETYPE="application/xml" CREATED="2024-10-17T15:17:33.970+02:00" CHECKSUM="a951021d3fd0735fd4bd64b404d505d4" CHECKSUMTYPE="MD5">
                    <ns3:FLocat LOCTYPE="OTHER" OTHERLOCTYPE="FILE" ns2:type="simple" ns2:href="page/0087_NL-AsdNIOD_401_0161_0088.xml"/>
                </ns3:file>
                <ns3:file ID="PAGEXML_88" SEQ="88" MIMETYPE="application/xml" CREATED="2024-10-17T15:17:33.986+02:00" CHECKSUM="6a2ca173339ae7005bd58d4de1db7a03" CHECKSUMTYPE="MD5">
                    <ns3:FLocat LOCTYPE="OTHER" OTHERLOCTYPE="FILE" ns2:type="simple" ns2:href="page/0088_NL-AsdNIOD_401_0161_0089.xml"/>
                </ns3:file>
                <ns3:file ID="PAGEXML_89" SEQ="89" MIMETYPE="application/xml" CREATED="2024-10-17T15:17:33.994+02:00" CHECKSUM="fa679621f96fe54557199e8bc0d325d2" CHECKSUMTYPE="MD5">
                    <ns3:FLocat LOCTYPE="OTHER" OTHERLOCTYPE="FILE" ns2:type="simple" ns2:href="page/0089_NL-AsdNIOD_401_0161_0090.xml"/>
                </ns3:file>
                <ns3:file ID="PAGEXML_90" SEQ="90" MIMETYPE="application/xml" CREATED="2024-10-17T15:17:34.002+02:00" CHECKSUM="1f2c4d41689da73482c415dcc7f52009" CHECKSUMTYPE="MD5">
                    <ns3:FLocat LOCTYPE="OTHER" OTHERLOCTYPE="FILE" ns2:type="simple" ns2:href="page/0090_NL-AsdNIOD_401_0161_0091.xml"/>
                </ns3:file>
                <ns3:file ID="PAGEXML_91" SEQ="91" MIMETYPE="application/xml" CREATED="2024-10-17T15:17:34.018+02:00" CHECKSUM="dd9e44f567df1e3211442ebb74d5392f" CHECKSUMTYPE="MD5">
                    <ns3:FLocat LOCTYPE="OTHER" OTHERLOCTYPE="FILE" ns2:type="simple" ns2:href="page/0091_NL-AsdNIOD_401_0161_0092.xml"/>
                </ns3:file>
                <ns3:file ID="PAGEXML_92" SEQ="92" MIMETYPE="application/xml" CREATED="2024-10-17T15:17:34.026+02:00" CHECKSUM="ad0845556b7bf7828637f272bc74f0c7" CHECKSUMTYPE="MD5">
                    <ns3:FLocat LOCTYPE="OTHER" OTHERLOCTYPE="FILE" ns2:type="simple" ns2:href="page/0092_NL-AsdNIOD_401_0161_0093.xml"/>
                </ns3:file>
                <ns3:file ID="PAGEXML_93" SEQ="93" MIMETYPE="application/xml" CREATED="2024-10-17T15:17:34.034+02:00" CHECKSUM="d94468353dc35e2225ffea81462a5ce2" CHECKSUMTYPE="MD5">
                    <ns3:FLocat LOCTYPE="OTHER" OTHERLOCTYPE="FILE" ns2:type="simple" ns2:href="page/0093_NL-AsdNIOD_401_0161_0094.xml"/>
                </ns3:file>
                <ns3:file ID="PAGEXML_94" SEQ="94" MIMETYPE="application/xml" CREATED="2024-10-17T15:17:34.046+02:00" CHECKSUM="48845f7c9ff767c6a5cf48981e9cd98f" CHECKSUMTYPE="MD5">
                    <ns3:FLocat LOCTYPE="OTHER" OTHERLOCTYPE="FILE" ns2:type="simple" ns2:href="page/0094_NL-AsdNIOD_401_0161_0095.xml"/>
                </ns3:file>
                <ns3:file ID="PAGEXML_95" SEQ="95" MIMETYPE="application/xml" CREATED="2024-10-17T15:17:34.074+02:00" CHECKSUM="10900113e9a731e0634142ec70c3aa35" CHECKSUMTYPE="MD5">
                    <ns3:FLocat LOCTYPE="OTHER" OTHERLOCTYPE="FILE" ns2:type="simple" ns2:href="page/0095_NL-AsdNIOD_401_0161_0096.xml"/>
                </ns3:file>
                <ns3:file ID="PAGEXML_96" SEQ="96" MIMETYPE="application/xml" CREATED="2024-10-17T15:17:34.082+02:00" CHECKSUM="24a5c76367986f41ab47b78d1ee1144f" CHECKSUMTYPE="MD5">
                    <ns3:FLocat LOCTYPE="OTHER" OTHERLOCTYPE="FILE" ns2:type="simple" ns2:href="page/0096_NL-AsdNIOD_401_0161_0097.xml"/>
                </ns3:file>
                <ns3:file ID="PAGEXML_97" SEQ="97" MIMETYPE="application/xml" CREATED="2024-10-17T15:17:34.090+02:00" CHECKSUM="d45fdc893901ea2edacd101b7147caab" CHECKSUMTYPE="MD5">
                    <ns3:FLocat LOCTYPE="OTHER" OTHERLOCTYPE="FILE" ns2:type="simple" ns2:href="page/0097_NL-AsdNIOD_401_0161_0098.xml"/>
                </ns3:file>
                <ns3:file ID="PAGEXML_98" SEQ="98" MIMETYPE="application/xml" CREATED="2024-10-17T15:17:34.182+02:00" CHECKSUM="524cd42ea583a876783fdc5d5b743fdb" CHECKSUMTYPE="MD5">
                    <ns3:FLocat LOCTYPE="OTHER" OTHERLOCTYPE="FILE" ns2:type="simple" ns2:href="page/0098_NL-AsdNIOD_401_0161_0099.xml"/>
                </ns3:file>
                <ns3:file ID="PAGEXML_99" SEQ="99" MIMETYPE="application/xml" CREATED="2024-10-17T15:17:34.230+02:00" CHECKSUM="e88378b5de7af31d9a8d50141b4ae327" CHECKSUMTYPE="MD5">
                    <ns3:FLocat LOCTYPE="OTHER" OTHERLOCTYPE="FILE" ns2:type="simple" ns2:href="page/0099_NL-AsdNIOD_401_0161_0100.xml"/>
                </ns3:file>
                <ns3:file ID="PAGEXML_100" SEQ="100" MIMETYPE="application/xml" CREATED="2024-10-17T15:17:34.250+02:00" CHECKSUM="8195190d136fedd2cd8d605ef5e7ea22" CHECKSUMTYPE="MD5">
                    <ns3:FLocat LOCTYPE="OTHER" OTHERLOCTYPE="FILE" ns2:type="simple" ns2:href="page/0100_NL-AsdNIOD_401_0161_0101.xml"/>
                </ns3:file>
                <ns3:file ID="PAGEXML_101" SEQ="101" MIMETYPE="application/xml" CREATED="2024-10-17T15:17:34.270+02:00" CHECKSUM="1a25b6dbf4fb4bc9581e943e8eb4d90b" CHECKSUMTYPE="MD5">
                    <ns3:FLocat LOCTYPE="OTHER" OTHERLOCTYPE="FILE" ns2:type="simple" ns2:href="page/0101_NL-AsdNIOD_401_0161_0102.xml"/>
                </ns3:file>
            </ns3:fileGrp>
        </ns3:fileGrp>
    </ns3:fileSec>
    <ns3:structMap ID="TRP_STRUCTMAP" TYPE="MANUSCRIPT">
        <ns3:div ID="TRP_DOC_DIV" ADMID="MD_ORIG">
            <ns3:div ID="PAGE_1" ORDER="1" TYPE="SINGLE_PAGE">
                <ns3:fptr>
                    <ns3:area FILEID="PAGEXML_1"/>
                </ns3:fptr>
            </ns3:div>
            <ns3:div ID="PAGE_2" ORDER="2" TYPE="SINGLE_PAGE">
                <ns3:fptr>
                    <ns3:area FILEID="PAGEXML_2"/>
                </ns3:fptr>
            </ns3:div>
            <ns3:div ID="PAGE_3" ORDER="3" TYPE="SINGLE_PAGE">
                <ns3:fptr>
                    <ns3:area FILEID="PAGEXML_3"/>
                </ns3:fptr>
            </ns3:div>
            <ns3:div ID="PAGE_4" ORDER="4" TYPE="SINGLE_PAGE">
                <ns3:fptr>
                    <ns3:area FILEID="PAGEXML_4"/>
                </ns3:fptr>
            </ns3:div>
            <ns3:div ID="PAGE_5" ORDER="5" TYPE="SINGLE_PAGE">
                <ns3:fptr>
                    <ns3:area FILEID="PAGEXML_5"/>
                </ns3:fptr>
            </ns3:div>
            <ns3:div ID="PAGE_6" ORDER="6" TYPE="SINGLE_PAGE">
                <ns3:fptr>
                    <ns3:area FILEID="PAGEXML_6"/>
                </ns3:fptr>
            </ns3:div>
            <ns3:div ID="PAGE_7" ORDER="7" TYPE="SINGLE_PAGE">
                <ns3:fptr>
                    <ns3:area FILEID="PAGEXML_7"/>
                </ns3:fptr>
            </ns3:div>
            <ns3:div ID="PAGE_8" ORDER="8" TYPE="SINGLE_PAGE">
                <ns3:fptr>
                    <ns3:area FILEID="PAGEXML_8"/>
                </ns3:fptr>
            </ns3:div>
            <ns3:div ID="PAGE_9" ORDER="9" TYPE="SINGLE_PAGE">
                <ns3:fptr>
                    <ns3:area FILEID="PAGEXML_9"/>
                </ns3:fptr>
            </ns3:div>
            <ns3:div ID="PAGE_10" ORDER="10" TYPE="SINGLE_PAGE">
                <ns3:fptr>
                    <ns3:area FILEID="PAGEXML_10"/>
                </ns3:fptr>
            </ns3:div>
            <ns3:div ID="PAGE_11" ORDER="11" TYPE="SINGLE_PAGE">
                <ns3:fptr>
                    <ns3:area FILEID="PAGEXML_11"/>
                </ns3:fptr>
            </ns3:div>
            <ns3:div ID="PAGE_12" ORDER="12" TYPE="SINGLE_PAGE">
                <ns3:fptr>
                    <ns3:area FILEID="PAGEXML_12"/>
                </ns3:fptr>
            </ns3:div>
            <ns3:div ID="PAGE_13" ORDER="13" TYPE="SINGLE_PAGE">
                <ns3:fptr>
                    <ns3:area FILEID="PAGEXML_13"/>
                </ns3:fptr>
            </ns3:div>
            <ns3:div ID="PAGE_14" ORDER="14" TYPE="SINGLE_PAGE">
                <ns3:fptr>
                    <ns3:area FILEID="PAGEXML_14"/>
                </ns3:fptr>
            </ns3:div>
            <ns3:div ID="PAGE_15" ORDER="15" TYPE="SINGLE_PAGE">
                <ns3:fptr>
                    <ns3:area FILEID="PAGEXML_15"/>
                </ns3:fptr>
            </ns3:div>
            <ns3:div ID="PAGE_16" ORDER="16" TYPE="SINGLE_PAGE">
                <ns3:fptr>
                    <ns3:area FILEID="PAGEXML_16"/>
                </ns3:fptr>
            </ns3:div>
            <ns3:div ID="PAGE_17" ORDER="17" TYPE="SINGLE_PAGE">
                <ns3:fptr>
                    <ns3:area FILEID="PAGEXML_17"/>
                </ns3:fptr>
            </ns3:div>
            <ns3:div ID="PAGE_18" ORDER="18" TYPE="SINGLE_PAGE">
                <ns3:fptr>
                    <ns3:area FILEID="PAGEXML_18"/>
                </ns3:fptr>
            </ns3:div>
            <ns3:div ID="PAGE_19" ORDER="19" TYPE="SINGLE_PAGE">
                <ns3:fptr>
                    <ns3:area FILEID="PAGEXML_19"/>
                </ns3:fptr>
            </ns3:div>
            <ns3:div ID="PAGE_20" ORDER="20" TYPE="SINGLE_PAGE">
                <ns3:fptr>
                    <ns3:area FILEID="PAGEXML_20"/>
                </ns3:fptr>
            </ns3:div>
            <ns3:div ID="PAGE_21" ORDER="21" TYPE="SINGLE_PAGE">
                <ns3:fptr>
                    <ns3:area FILEID="PAGEXML_21"/>
                </ns3:fptr>
            </ns3:div>
            <ns3:div ID="PAGE_22" ORDER="22" TYPE="SINGLE_PAGE">
                <ns3:fptr>
                    <ns3:area FILEID="PAGEXML_22"/>
                </ns3:fptr>
            </ns3:div>
            <ns3:div ID="PAGE_23" ORDER="23" TYPE="SINGLE_PAGE">
                <ns3:fptr>
                    <ns3:area FILEID="PAGEXML_23"/>
                </ns3:fptr>
            </ns3:div>
            <ns3:div ID="PAGE_24" ORDER="24" TYPE="SINGLE_PAGE">
                <ns3:fptr>
                    <ns3:area FILEID="PAGEXML_24"/>
                </ns3:fptr>
            </ns3:div>
            <ns3:div ID="PAGE_25" ORDER="25" TYPE="SINGLE_PAGE">
                <ns3:fptr>
                    <ns3:area FILEID="PAGEXML_25"/>
                </ns3:fptr>
            </ns3:div>
            <ns3:div ID="PAGE_26" ORDER="26" TYPE="SINGLE_PAGE">
                <ns3:fptr>
                    <ns3:area FILEID="PAGEXML_26"/>
                </ns3:fptr>
            </ns3:div>
            <ns3:div ID="PAGE_27" ORDER="27" TYPE="SINGLE_PAGE">
                <ns3:fptr>
                    <ns3:area FILEID="PAGEXML_27"/>
                </ns3:fptr>
            </ns3:div>
            <ns3:div ID="PAGE_28" ORDER="28" TYPE="SINGLE_PAGE">
                <ns3:fptr>
                    <ns3:area FILEID="PAGEXML_28"/>
                </ns3:fptr>
            </ns3:div>
            <ns3:div ID="PAGE_29" ORDER="29" TYPE="SINGLE_PAGE">
                <ns3:fptr>
                    <ns3:area FILEID="PAGEXML_29"/>
                </ns3:fptr>
            </ns3:div>
            <ns3:div ID="PAGE_30" ORDER="30" TYPE="SINGLE_PAGE">
                <ns3:fptr>
                    <ns3:area FILEID="PAGEXML_30"/>
                </ns3:fptr>
            </ns3:div>
            <ns3:div ID="PAGE_31" ORDER="31" TYPE="SINGLE_PAGE">
                <ns3:fptr>
                    <ns3:area FILEID="PAGEXML_31"/>
                </ns3:fptr>
            </ns3:div>
            <ns3:div ID="PAGE_32" ORDER="32" TYPE="SINGLE_PAGE">
                <ns3:fptr>
                    <ns3:area FILEID="PAGEXML_32"/>
                </ns3:fptr>
            </ns3:div>
            <ns3:div ID="PAGE_33" ORDER="33" TYPE="SINGLE_PAGE">
                <ns3:fptr>
                    <ns3:area FILEID="PAGEXML_33"/>
                </ns3:fptr>
            </ns3:div>
            <ns3:div ID="PAGE_34" ORDER="34" TYPE="SINGLE_PAGE">
                <ns3:fptr>
                    <ns3:area FILEID="PAGEXML_34"/>
                </ns3:fptr>
            </ns3:div>
            <ns3:div ID="PAGE_35" ORDER="35" TYPE="SINGLE_PAGE">
                <ns3:fptr>
                    <ns3:area FILEID="PAGEXML_35"/>
                </ns3:fptr>
            </ns3:div>
            <ns3:div ID="PAGE_36" ORDER="36" TYPE="SINGLE_PAGE">
                <ns3:fptr>
                    <ns3:area FILEID="PAGEXML_36"/>
                </ns3:fptr>
            </ns3:div>
            <ns3:div ID="PAGE_37" ORDER="37" TYPE="SINGLE_PAGE">
                <ns3:fptr>
                    <ns3:area FILEID="PAGEXML_37"/>
                </ns3:fptr>
            </ns3:div>
            <ns3:div ID="PAGE_38" ORDER="38" TYPE="SINGLE_PAGE">
                <ns3:fptr>
                    <ns3:area FILEID="PAGEXML_38"/>
                </ns3:fptr>
            </ns3:div>
            <ns3:div ID="PAGE_39" ORDER="39" TYPE="SINGLE_PAGE">
                <ns3:fptr>
                    <ns3:area FILEID="PAGEXML_39"/>
                </ns3:fptr>
            </ns3:div>
            <ns3:div ID="PAGE_40" ORDER="40" TYPE="SINGLE_PAGE">
                <ns3:fptr>
                    <ns3:area FILEID="PAGEXML_40"/>
                </ns3:fptr>
            </ns3:div>
            <ns3:div ID="PAGE_41" ORDER="41" TYPE="SINGLE_PAGE">
                <ns3:fptr>
                    <ns3:area FILEID="PAGEXML_41"/>
                </ns3:fptr>
            </ns3:div>
            <ns3:div ID="PAGE_42" ORDER="42" TYPE="SINGLE_PAGE">
                <ns3:fptr>
                    <ns3:area FILEID="PAGEXML_42"/>
                </ns3:fptr>
            </ns3:div>
            <ns3:div ID="PAGE_43" ORDER="43" TYPE="SINGLE_PAGE">
                <ns3:fptr>
                    <ns3:area FILEID="PAGEXML_43"/>
                </ns3:fptr>
            </ns3:div>
            <ns3:div ID="PAGE_44" ORDER="44" TYPE="SINGLE_PAGE">
                <ns3:fptr>
                    <ns3:area FILEID="PAGEXML_44"/>
                </ns3:fptr>
            </ns3:div>
            <ns3:div ID="PAGE_45" ORDER="45" TYPE="SINGLE_PAGE">
                <ns3:fptr>
                    <ns3:area FILEID="PAGEXML_45"/>
                </ns3:fptr>
            </ns3:div>
            <ns3:div ID="PAGE_46" ORDER="46" TYPE="SINGLE_PAGE">
                <ns3:fptr>
                    <ns3:area FILEID="PAGEXML_46"/>
                </ns3:fptr>
            </ns3:div>
            <ns3:div ID="PAGE_47" ORDER="47" TYPE="SINGLE_PAGE">
                <ns3:fptr>
                    <ns3:area FILEID="PAGEXML_47"/>
                </ns3:fptr>
            </ns3:div>
            <ns3:div ID="PAGE_48" ORDER="48" TYPE="SINGLE_PAGE">
                <ns3:fptr>
                    <ns3:area FILEID="PAGEXML_48"/>
                </ns3:fptr>
            </ns3:div>
            <ns3:div ID="PAGE_49" ORDER="49" TYPE="SINGLE_PAGE">
                <ns3:fptr>
                    <ns3:area FILEID="PAGEXML_49"/>
                </ns3:fptr>
            </ns3:div>
            <ns3:div ID="PAGE_50" ORDER="50" TYPE="SINGLE_PAGE">
                <ns3:fptr>
                    <ns3:area FILEID="PAGEXML_50"/>
                </ns3:fptr>
            </ns3:div>
            <ns3:div ID="PAGE_51" ORDER="51" TYPE="SINGLE_PAGE">
                <ns3:fptr>
                    <ns3:area FILEID="PAGEXML_51"/>
                </ns3:fptr>
            </ns3:div>
            <ns3:div ID="PAGE_52" ORDER="52" TYPE="SINGLE_PAGE">
                <ns3:fptr>
                    <ns3:area FILEID="PAGEXML_52"/>
                </ns3:fptr>
            </ns3:div>
            <ns3:div ID="PAGE_53" ORDER="53" TYPE="SINGLE_PAGE">
                <ns3:fptr>
                    <ns3:area FILEID="PAGEXML_53"/>
                </ns3:fptr>
            </ns3:div>
            <ns3:div ID="PAGE_54" ORDER="54" TYPE="SINGLE_PAGE">
                <ns3:fptr>
                    <ns3:area FILEID="PAGEXML_54"/>
                </ns3:fptr>
            </ns3:div>
            <ns3:div ID="PAGE_55" ORDER="55" TYPE="SINGLE_PAGE">
                <ns3:fptr>
                    <ns3:area FILEID="PAGEXML_55"/>
                </ns3:fptr>
            </ns3:div>
            <ns3:div ID="PAGE_56" ORDER="56" TYPE="SINGLE_PAGE">
                <ns3:fptr>
                    <ns3:area FILEID="PAGEXML_56"/>
                </ns3:fptr>
            </ns3:div>
            <ns3:div ID="PAGE_57" ORDER="57" TYPE="SINGLE_PAGE">
                <ns3:fptr>
                    <ns3:area FILEID="PAGEXML_57"/>
                </ns3:fptr>
            </ns3:div>
            <ns3:div ID="PAGE_58" ORDER="58" TYPE="SINGLE_PAGE">
                <ns3:fptr>
                    <ns3:area FILEID="PAGEXML_58"/>
                </ns3:fptr>
            </ns3:div>
            <ns3:div ID="PAGE_59" ORDER="59" TYPE="SINGLE_PAGE">
                <ns3:fptr>
                    <ns3:area FILEID="PAGEXML_59"/>
                </ns3:fptr>
            </ns3:div>
            <ns3:div ID="PAGE_60" ORDER="60" TYPE="SINGLE_PAGE">
                <ns3:fptr>
                    <ns3:area FILEID="PAGEXML_60"/>
                </ns3:fptr>
            </ns3:div>
            <ns3:div ID="PAGE_61" ORDER="61" TYPE="SINGLE_PAGE">
                <ns3:fptr>
                    <ns3:area FILEID="PAGEXML_61"/>
                </ns3:fptr>
            </ns3:div>
            <ns3:div ID="PAGE_62" ORDER="62" TYPE="SINGLE_PAGE">
                <ns3:fptr>
                    <ns3:area FILEID="PAGEXML_62"/>
                </ns3:fptr>
            </ns3:div>
            <ns3:div ID="PAGE_63" ORDER="63" TYPE="SINGLE_PAGE">
                <ns3:fptr>
                    <ns3:area FILEID="PAGEXML_63"/>
                </ns3:fptr>
            </ns3:div>
            <ns3:div ID="PAGE_64" ORDER="64" TYPE="SINGLE_PAGE">
                <ns3:fptr>
                    <ns3:area FILEID="PAGEXML_64"/>
                </ns3:fptr>
            </ns3:div>
            <ns3:div ID="PAGE_65" ORDER="65" TYPE="SINGLE_PAGE">
                <ns3:fptr>
                    <ns3:area FILEID="PAGEXML_65"/>
                </ns3:fptr>
            </ns3:div>
            <ns3:div ID="PAGE_66" ORDER="66" TYPE="SINGLE_PAGE">
                <ns3:fptr>
                    <ns3:area FILEID="PAGEXML_66"/>
                </ns3:fptr>
            </ns3:div>
            <ns3:div ID="PAGE_67" ORDER="67" TYPE="SINGLE_PAGE">
                <ns3:fptr>
                    <ns3:area FILEID="PAGEXML_67"/>
                </ns3:fptr>
            </ns3:div>
            <ns3:div ID="PAGE_68" ORDER="68" TYPE="SINGLE_PAGE">
                <ns3:fptr>
                    <ns3:area FILEID="PAGEXML_68"/>
                </ns3:fptr>
            </ns3:div>
            <ns3:div ID="PAGE_69" ORDER="69" TYPE="SINGLE_PAGE">
                <ns3:fptr>
                    <ns3:area FILEID="PAGEXML_69"/>
                </ns3:fptr>
            </ns3:div>
            <ns3:div ID="PAGE_70" ORDER="70" TYPE="SINGLE_PAGE">
                <ns3:fptr>
                    <ns3:area FILEID="PAGEXML_70"/>
                </ns3:fptr>
            </ns3:div>
            <ns3:div ID="PAGE_71" ORDER="71" TYPE="SINGLE_PAGE">
                <ns3:fptr>
                    <ns3:area FILEID="PAGEXML_71"/>
                </ns3:fptr>
            </ns3:div>
            <ns3:div ID="PAGE_72" ORDER="72" TYPE="SINGLE_PAGE">
                <ns3:fptr>
                    <ns3:area FILEID="PAGEXML_72"/>
                </ns3:fptr>
            </ns3:div>
            <ns3:div ID="PAGE_73" ORDER="73" TYPE="SINGLE_PAGE">
                <ns3:fptr>
                    <ns3:area FILEID="PAGEXML_73"/>
                </ns3:fptr>
            </ns3:div>
            <ns3:div ID="PAGE_74" ORDER="74" TYPE="SINGLE_PAGE">
                <ns3:fptr>
                    <ns3:area FILEID="PAGEXML_74"/>
                </ns3:fptr>
            </ns3:div>
            <ns3:div ID="PAGE_75" ORDER="75" TYPE="SINGLE_PAGE">
                <ns3:fptr>
                    <ns3:area FILEID="PAGEXML_75"/>
                </ns3:fptr>
            </ns3:div>
            <ns3:div ID="PAGE_76" ORDER="76" TYPE="SINGLE_PAGE">
                <ns3:fptr>
                    <ns3:area FILEID="PAGEXML_76"/>
                </ns3:fptr>
            </ns3:div>
            <ns3:div ID="PAGE_77" ORDER="77" TYPE="SINGLE_PAGE">
                <ns3:fptr>
                    <ns3:area FILEID="PAGEXML_77"/>
                </ns3:fptr>
            </ns3:div>
            <ns3:div ID="PAGE_78" ORDER="78" TYPE="SINGLE_PAGE">
                <ns3:fptr>
                    <ns3:area FILEID="PAGEXML_78"/>
                </ns3:fptr>
            </ns3:div>
            <ns3:div ID="PAGE_79" ORDER="79" TYPE="SINGLE_PAGE">
                <ns3:fptr>
                    <ns3:area FILEID="PAGEXML_79"/>
                </ns3:fptr>
            </ns3:div>
            <ns3:div ID="PAGE_80" ORDER="80" TYPE="SINGLE_PAGE">
                <ns3:fptr>
                    <ns3:area FILEID="PAGEXML_80"/>
                </ns3:fptr>
            </ns3:div>
            <ns3:div ID="PAGE_81" ORDER="81" TYPE="SINGLE_PAGE">
                <ns3:fptr>
                    <ns3:area FILEID="PAGEXML_81"/>
                </ns3:fptr>
            </ns3:div>
            <ns3:div ID="PAGE_82" ORDER="82" TYPE="SINGLE_PAGE">
                <ns3:fptr>
                    <ns3:area FILEID="PAGEXML_82"/>
                </ns3:fptr>
            </ns3:div>
            <ns3:div ID="PAGE_83" ORDER="83" TYPE="SINGLE_PAGE">
                <ns3:fptr>
                    <ns3:area FILEID="PAGEXML_83"/>
                </ns3:fptr>
            </ns3:div>
            <ns3:div ID="PAGE_84" ORDER="84" TYPE="SINGLE_PAGE">
                <ns3:fptr>
                    <ns3:area FILEID="PAGEXML_84"/>
                </ns3:fptr>
            </ns3:div>
            <ns3:div ID="PAGE_85" ORDER="85" TYPE="SINGLE_PAGE">
                <ns3:fptr>
                    <ns3:area FILEID="PAGEXML_85"/>
                </ns3:fptr>
            </ns3:div>
            <ns3:div ID="PAGE_86" ORDER="86" TYPE="SINGLE_PAGE">
                <ns3:fptr>
                    <ns3:area FILEID="PAGEXML_86"/>
                </ns3:fptr>
            </ns3:div>
            <ns3:div ID="PAGE_87" ORDER="87" TYPE="SINGLE_PAGE">
                <ns3:fptr>
                    <ns3:area FILEID="PAGEXML_87"/>
                </ns3:fptr>
            </ns3:div>
            <ns3:div ID="PAGE_88" ORDER="88" TYPE="SINGLE_PAGE">
                <ns3:fptr>
                    <ns3:area FILEID="PAGEXML_88"/>
                </ns3:fptr>
            </ns3:div>
            <ns3:div ID="PAGE_89" ORDER="89" TYPE="SINGLE_PAGE">
                <ns3:fptr>
                    <ns3:area FILEID="PAGEXML_89"/>
                </ns3:fptr>
            </ns3:div>
            <ns3:div ID="PAGE_90" ORDER="90" TYPE="SINGLE_PAGE">
                <ns3:fptr>
                    <ns3:area FILEID="PAGEXML_90"/>
                </ns3:fptr>
            </ns3:div>
            <ns3:div ID="PAGE_91" ORDER="91" TYPE="SINGLE_PAGE">
                <ns3:fptr>
                    <ns3:area FILEID="PAGEXML_91"/>
                </ns3:fptr>
            </ns3:div>
            <ns3:div ID="PAGE_92" ORDER="92" TYPE="SINGLE_PAGE">
                <ns3:fptr>
                    <ns3:area FILEID="PAGEXML_92"/>
                </ns3:fptr>
            </ns3:div>
            <ns3:div ID="PAGE_93" ORDER="93" TYPE="SINGLE_PAGE">
                <ns3:fptr>
                    <ns3:area FILEID="PAGEXML_93"/>
                </ns3:fptr>
            </ns3:div>
            <ns3:div ID="PAGE_94" ORDER="94" TYPE="SINGLE_PAGE">
                <ns3:fptr>
                    <ns3:area FILEID="PAGEXML_94"/>
                </ns3:fptr>
            </ns3:div>
            <ns3:div ID="PAGE_95" ORDER="95" TYPE="SINGLE_PAGE">
                <ns3:fptr>
                    <ns3:area FILEID="PAGEXML_95"/>
                </ns3:fptr>
            </ns3:div>
            <ns3:div ID="PAGE_96" ORDER="96" TYPE="SINGLE_PAGE">
                <ns3:fptr>
                    <ns3:area FILEID="PAGEXML_96"/>
                </ns3:fptr>
            </ns3:div>
            <ns3:div ID="PAGE_97" ORDER="97" TYPE="SINGLE_PAGE">
                <ns3:fptr>
                    <ns3:area FILEID="PAGEXML_97"/>
                </ns3:fptr>
            </ns3:div>
            <ns3:div ID="PAGE_98" ORDER="98" TYPE="SINGLE_PAGE">
                <ns3:fptr>
                    <ns3:area FILEID="PAGEXML_98"/>
                </ns3:fptr>
            </ns3:div>
            <ns3:div ID="PAGE_99" ORDER="99" TYPE="SINGLE_PAGE">
                <ns3:fptr>
                    <ns3:area FILEID="PAGEXML_99"/>
                </ns3:fptr>
            </ns3:div>
            <ns3:div ID="PAGE_100" ORDER="100" TYPE="SINGLE_PAGE">
                <ns3:fptr>
                    <ns3:area FILEID="PAGEXML_100"/>
                </ns3:fptr>
            </ns3:div>
            <ns3:div ID="PAGE_101" ORDER="101" TYPE="SINGLE_PAGE">
                <ns3:fptr>
                    <ns3:area FILEID="PAGEXML_101"/>
                </ns3:fptr>
            </ns3:div>
        </ns3:div>
    </ns3:structMap>
</ns3:mets>
